hops,simple_graph_upper_bound,1,2,3,4,5,6,7,8,9,10,11,12,13,14,15,16,17,18,19,20,21,22,23,24,25,26,27,28,29,30,31,32,33,34,35,36,37,38,39,40,41,42,43,44,45,46,47,48,49,50,51,52,53,54,55,56,57,58,59,60,61,62,63,64,65,66,67,68,69,70,71,72,73,74,75,76,77,78,79,80,81,82,83,84,85,86,87,88,89,90,91,92,93,94,95,96,97,98,99,100,min_80_simple
2,5.311390606643596,100.0,100.0,100.0,100.0,100.0,100.0,100.0,100.0,100.0,100.0,100.0,100.0,100.0,100.0,100.0,100.0,100.0,100.0,100.0,100.0,100.0,100.0,100.0,100.0,100.0,100.0,100.0,100.0,100.0,100.0,100.0,100.0,100.0,100.0,100.0,100.0,100.0,100.0,100.0,100.0,100.0,100.0,100.0,100.0,100.0,100.0,100.0,100.0,100.0,100.0,100.0,100.0,100.0,100.0,100.0,100.0,100.0,100.0,100.0,100.0,100.0,100.0,100.0,100.0,100.0,100.0,100.0,100.0,100.0,100.0,100.0,100.0,100.0,100.0,100.0,100.0,100.0,100.0,100.0,100.0,100.0,100.0,100.0,100.0,100.0,100.0,100.0,100.0,100.0,100.0,100.0,100.0,100.0,100.0,100.0,100.0,100.0,100.0,100.0,100.0,2.785918237188545
3,5.156449130181776,100.0,100.0,100.0,100.0,100.0,100.0,100.0,100.0,100.0,100.0,100.0,100.0,100.0,100.0,100.0,100.0,100.0,100.0,100.0,100.0,100.0,100.0,100.0,100.0,100.0,100.0,100.0,100.0,100.0,100.0,100.0,100.0,100.0,100.0,100.0,100.0,100.0,100.0,100.0,100.0,100.0,100.0,100.0,100.0,100.0,100.0,100.0,100.0,100.0,100.0,100.0,100.0,100.0,100.0,100.0,100.0,100.0,100.0,100.0,100.0,100.0,100.0,100.0,100.0,100.0,100.0,100.0,100.0,100.0,100.0,100.0,100.0,100.0,100.0,100.0,100.0,100.0,100.0,100.0,100.0,100.0,100.0,100.0,100.0,100.0,100.0,100.0,100.0,100.0,100.0,100.0,100.0,100.0,100.0,100.0,100.0,100.0,100.0,100.0,100.0,2.134762459978834
4,5.067182446202438,100.0,100.0,100.0,100.0,100.0,100.0,100.0,100.0,100.0,100.0,100.0,100.0,100.0,100.0,100.0,100.0,100.0,100.0,100.0,100.0,100.0,100.0,100.0,100.0,100.0,100.0,100.0,100.0,100.0,100.0,100.0,100.0,100.0,100.0,100.0,100.0,100.0,100.0,100.0,100.0,100.0,100.0,100.0,100.0,100.0,100.0,100.0,100.0,100.0,100.0,100.0,100.0,100.0,100.0,100.0,100.0,100.0,100.0,100.0,100.0,100.0,100.0,100.0,100.0,100.0,100.0,100.0,100.0,100.0,100.0,100.0,100.0,100.0,100.0,100.0,100.0,100.0,100.0,100.0,100.0,100.0,100.0,100.0,100.0,100.0,100.0,100.0,100.0,100.0,100.0,100.0,100.0,100.0,100.0,100.0,100.0,100.0,100.0,100.0,100.0,1.7906095047839565
5,5.009740728410474,100.0,100.0,100.0,100.0,100.0,100.0,100.0,100.0,100.0,100.0,100.0,100.0,100.0,100.0,100.0,100.0,100.0,100.0,100.0,100.0,100.0,100.0,100.0,100.0,100.0,100.0,100.0,100.0,100.0,100.0,100.0,100.0,100.0,100.0,100.0,100.0,100.0,100.0,100.0,100.0,100.0,100.0,100.0,100.0,100.0,100.0,100.0,100.0,100.0,100.0,100.0,100.0,100.0,100.0,100.0,100.0,100.0,100.0,100.0,100.0,100.0,100.0,100.0,100.0,100.0,100.0,100.0,100.0,100.0,100.0,100.0,100.0,100.0,100.0,100.0,100.0,100.0,100.0,100.0,100.0,100.0,100.0,100.0,100.0,100.0,100.0,100.0,100.0,100.0,100.0,100.0,100.0,100.0,100.0,100.0,100.0,100.0,100.0,100.0,100.0,1.4989545391817582
6,4.969231733548239,100.0,100.0,100.0,100.0,100.0,100.0,100.0,100.0,100.0,100.0,100.0,100.0,100.0,100.0,100.0,100.0,100.0,100.0,100.0,100.0,100.0,100.0,100.0,100.0,100.0,100.0,100.0,100.0,100.0,100.0,100.0,100.0,100.0,100.0,100.0,100.0,100.0,100.0,100.0,100.0,100.0,100.0,100.0,100.0,100.0,100.0,100.0,100.0,100.0,100.0,100.0,100.0,100.0,100.0,100.0,100.0,100.0,100.0,100.0,100.0,100.0,100.0,100.0,100.0,100.0,100.0,100.0,100.0,100.0,100.0,100.0,99.75757871379162,99.74738657403284,99.24419135850994,99.18792693143803,99.18769550800755,98.94799889132942,96.37161360780027,90.01771414033182,89.97811782325871,89.22594281590808,89.1591586331827,88.7722193514143,88.73038053634893,86.46104570657937,86.36337013623482,86.18349835437947,86.16377793717157,86.13689538819742,86.07722959329664,85.6867674575402,84.82821171420481,84.64881528298139,84.10207352797573,84.01164414788684,83.95663023495487,83.16632155139484,83.140144547736,80.72598272081686,80.30391384417658,1.2876197444876076
7,4.934985574432963,100.0,100.0,100.0,100.0,100.0,100.0,100.0,100.0,100.0,100.0,100.0,100.0,100.0,100.0,100.0,100.0,100.0,100.0,100.0,100.0,100.0,100.0,100.0,100.0,98.26175011541775,97.36971583147361,94.10114470383787,93.53052644306628,92.72278402081717,92.65283125235423,92.05495678960104,91.38811349550777,91.33184593596545,90.80233686935507,90.02138810037363,89.23015176599034,89.19802892899618,89.07307177558226,88.09376628971046,87.94974282334165,85.73627633004908,82.59807042151189,82.53959898751629,82.53775165765938,81.27283488937147,81.2429930989661,81.13006235759478,80.56962142934631,71.6014874297113,71.01377217349587,67.73164060179596,67.47729995880223,67.45629615371425,57.439015737633774,56.98466873247514,56.81569975695943,52.995190283632915,51.87935339561574,51.811325358850915,51.72045264646067,51.35470594798116,51.33526452944629,51.32282463522017,51.09742388952206,50.72060437403627,50.569031666080924,48.2875285774382,48.14979683756236,47.20024569279101,47.16224423456205,47.02409042996291,46.78154208649525,46.77212325583736,46.56712365955965,46.43527291526221,46.43510642263185,46.23195038008193,43.15486196700873,43.09687965152114,42.981624302757176,42.80704826023165,42.79205021144413,42.78765425076073,42.68647691310321,41.82312311706297,41.701001398931176,41.52189336023113,41.49045414326141,41.48611823832745,41.43228083105104,41.35757919010819,40.86197996145738,40.70261070045482,40.34980873765826,39.83038298390335,39.790071316921775,30.842071910142256,30.804222161776714,30.161209640945003,29.88704788286399,1.0959156491413347
8,4.875718423073765,100.0,100.0,100.0,100.0,100.0,100.0,100.0,100.0,100.0,100.0,100.0,100.0,100.0,100.0,100.0,100.0,100.0,99.11538402451797,97.29930444853828,95.94297594622715,88.13408802871253,86.68739419749808,86.54754718475905,84.72695534528872,81.65533477436183,80.4567526397929,78.60483771696565,78.22916149724506,77.33455506906955,77.25753307225828,76.73419018429331,76.29903149497235,76.23471199347887,75.63275953004963,75.10742677422529,74.48294304680057,74.45501745222477,73.91958373628368,73.11389308868993,72.22532531393144,71.86286747297774,71.13486109552359,71.07918362312905,71.07760027972517,69.73191137094312,69.69834228799823,69.61255972170477,69.23439199082992,67.31273619171333,66.8867151575133,64.97753457916816,64.89997298322785,64.88506913905178,57.780749240130426,56.915463921165596,56.782298077310706,55.57725425131342,53.91836893355175,53.67355758684463,53.58132793549624,53.33940125929442,53.314836889129374,53.30044234827517,53.24259682041694,52.914033353023996,52.874630795081195,52.682063553439946,52.542467379422504,52.47643556604851,52.386180654507,52.19695179688418,52.06239243073776,52.0547291314948,51.7637423954663,51.725069815740426,51.72496747090062,51.6133958471543,48.95135657574354,47.732358732726055,47.72358894252436,47.42695117840722,47.388647008217006,47.38631637045023,47.37496289207399,46.59831816659538,46.51603715751454,46.36061477545319,46.34728179173275,46.34119043575319,46.26905853937438,46.12470061826205,45.91863236960665,45.803829809941824,45.48567613862696,45.44199938209242,45.39686652375744,44.67370219314385,44.66388167370109,43.163797131890334,43.11919017889725,0.8930571212325042
9,4.845613678284402,100.0,100.0,100.0,100.0,100.0,100.0,100.0,100.0,100.0,100.0,100.0,98.17170142220463,87.89123042607208,83.25063339219494,66.21355859675067,57.46587545005375,57.24015243464585,55.898559004816214,55.0651111754983,51.96322157418128,46.09352242599375,45.39871139210424,45.2814892325422,43.88528617535119,41.300145718819266,40.27843837056,37.61697278938944,37.27342694103286,36.45847689002735,36.4006819964719,35.961877099827724,35.529760512744744,35.48173813322667,35.036502239831464,34.715743574830995,34.260976138334684,34.242397327711586,34.14741181097262,33.42118962320832,33.36379909595523,32.63429589258566,31.908421465082686,31.867813339048034,31.865240761468932,30.936866415749183,30.910884102635574,30.80932806673488,30.40212785687363,28.971935390689612,28.773625833994625,26.364791149203107,26.31024325320426,26.300419201042416,22.68442053999839,22.456762069331358,22.300083604005597,22.154084923321296,21.550236636280356,21.395320338624455,21.33704902125761,21.19742780959962,21.179439576882125,21.166554532955832,21.119866728004578,20.928057709251775,20.799210674363366,20.17851281275714,20.092675782673755,20.006909061470964,19.973456376279024,19.697758190243285,19.630293051689527,19.625174345342582,19.093650647050076,19.048078532136326,19.04793152323012,18.892307689344367,17.941522447842488,17.846358684411342,17.842811575159942,17.736864237459333,17.710894563341146,17.708055662655074,17.67168638534102,17.148469680220625,17.07710421201039,17.017767107775033,17.006041350010424,17.001886798199468,16.964046614704042,16.92900829228927,16.533891653746977,16.42278063399929,16.306290627691407,16.27223975185405,16.23983710174173,15.866284145882345,15.857846146027825,14.934706145227054,14.887223758476434,0.7639939691094344
10,4.811332646583164,100.0,100.0,100.0,100.0,100.0,100.0,100.0,100.0,100.0,100.0,100.0,91.26878804170377,84.8212277040338,79.79256174218219,64.33078855617678,54.85709503509735,54.61220175877452,51.52298210937096,50.859123571744476,50.318087475902466,44.72872776941096,43.36726466867914,43.26510338670104,41.66873460391575,37.18544770044793,36.32106169496788,35.48114659542438,35.1284046894211,34.12653212082151,34.07241952520779,33.369518026999444,32.72623771094885,32.68199215533095,31.968810803172182,31.6650115646379,31.144013053985983,31.114940904028845,31.033373786404088,30.09690412921216,30.016048575249734,29.767425971522187,29.014147535018733,28.978963104407985,28.977989292275954,28.335216925275915,28.31588456625865,28.246620367363874,27.929788741762255,25.45409095371035,24.165430699992225,22.956664173103174,22.894869172364317,22.88411372435427,18.24722218439529,17.944704140089787,17.817436260694162,17.422357126017047,16.13590145097382,15.940867086264626,15.881919293456368,15.643549856946903,15.632221100893455,15.625204880176712,15.589776225565027,15.412115327087857,15.356849661111932,15.197585307513615,14.989354301981756,14.899362107769841,14.87558515232859,14.715637296475144,14.637029888732927,14.632966583152118,14.526753920783232,14.497357806639803,14.497275734262518,14.378988780005646,13.640129172868258,13.590694830589868,13.58999600719087,13.475036190099567,13.456127991769167,13.451613321033559,13.441260276002907,12.907894800860763,12.861572785547441,12.78602100773797,12.77393479585658,12.772607980217149,12.738580571661988,12.685557218152741,12.581933831565454,11.921521154514949,11.737979803426132,11.683837012925041,11.673097977603653,11.408078148743835,11.403980157420005,11.142899958437424,11.107357064068195,0.6232677377187583
11,4.775078269984661,100.0,100.0,100.0,100.0,100.0,100.0,98.56226958283881,95.38529298972098,94.51087952087428,91.42848158592301,91.28208783050728,68.39188357808428,58.797812242471444,55.25992056365673,45.63011075816458,39.465894823729116,39.24887365022298,38.62640179309052,38.068441786101495,37.59205459514501,33.89753884655839,33.320747431011014,33.22652962060224,32.18460428598473,30.390299125285136,29.908190086647576,29.240476623119207,28.987323228379232,28.379948288743368,28.335494168475243,27.99182245821381,27.64209221809775,27.603405822924543,27.263442962446906,27.02222091980487,26.58743720560276,26.56026196995584,26.48661235471995,25.749167954590796,25.702993639682283,25.22300461084427,24.62973846109681,24.60405013512967,24.603366270394943,24.33289066608212,24.317318706053015,24.247423172444382,23.990727491319582,19.728975573937678,19.65804731066257,18.66676522447708,18.63441598715634,18.623917627520356,16.388270879552472,16.099470722017784,15.999534554214993,15.894515042890335,15.434778350536646,15.405989824519134,15.34077459794393,15.183097482745154,15.173777371108967,15.168209567965999,15.119689771400449,14.969139936315525,14.937692687077279,14.527962362679066,14.425750041277961,14.37153348225535,14.35123412009826,14.23573219518984,14.171206095132344,14.169287415142083,14.062488947581018,14.04734162675991,14.047237281619589,13.969383819702614,13.019238408365299,12.98659509414012,12.986435661839272,12.664132087603164,12.636799593759887,12.633315310024862,12.619697924624132,12.176410256206708,12.118741017677662,12.053843490401487,12.045596101508972,12.042092637346824,11.98987951247182,11.910401604465594,11.798181722774578,11.737616682752266,11.623391033524156,11.606622572859072,11.579098626554869,11.151921435804693,11.149541893990882,10.934122544100168,10.906514522231324,0.5181935366403235
12,4.748840097253383,100.0,100.0,100.0,100.0,100.0,100.0,71.61126866188378,71.3366283816877,70.82865133117153,68.98504522213479,68.83639936655948,48.28570013619364,44.021532361157924,40.81133097172945,31.35386633163538,25.866347874285697,25.63501074324506,25.006202216178266,24.43864203829195,24.066738424539214,21.06694972444189,20.203976131567124,20.117288672439354,19.208615188030908,17.3844391669686,17.047440650076137,16.43655818384356,16.17217490072485,15.610092390467429,15.570977904900817,15.325479675051914,14.797501765837607,14.768922462239393,14.451610857497302,14.172562425432755,13.769596933778514,13.755300098860499,13.696246777414753,13.254203712075782,13.199248732663571,13.00583501182995,12.510582567103386,12.491127310311246,12.49034438894494,12.09854864569804,12.081442301529686,12.030489490331387,11.685892739730239,10.970982125405177,10.862577752063922,9.937019683979376,9.915689525318328,9.906496104733753,8.128414038206799,7.849381620496961,7.762116986634974,7.5370162671237235,7.187514562561534,7.143158455133436,7.077752592627969,6.961797114137943,6.954682680051219,6.946952106832862,6.92087006371177,6.838674003298644,6.809554339791904,6.6766153339143335,6.620124647419998,6.585343464567631,6.556486273852434,6.437973096199561,6.407223214944299,6.405595392696902,6.29586568660708,6.273796118570838,6.273730151330278,6.212917704134,5.71917711351023,5.643379204510699,5.642644227983241,5.604504787730083,5.596827865204153,5.594675339187018,5.5648217290491715,5.298182975965766,5.260614515729689,5.185197827241323,5.181296702505808,5.177332757931087,5.157870344687097,5.140760077721108,5.04406186156084,5.000942989096189,4.935459676031775,4.915216246603532,4.895437577530158,4.664587682003011,4.662165877507722,4.510061027083359,4.482969116343955,0.42745696955359
13,4.71633276272144,100.0,100.0,100.0,100.0,100.0,100.0,71.044841191616,70.80116273289826,69.8414663134596,68.18604462968172,68.03682068827564,49.276165003184445,45.45140304439045,42.12303027982589,31.72069501141569,26.68112522942736,26.449846485877842,25.886420152115928,25.42903143939136,25.046389933900773,22.104290416219097,21.73615017722503,21.669957184822504,20.7496317132781,17.661484161109552,17.17846849461937,16.725793657693522,16.541309082457598,16.162259491435094,16.131969874918124,15.702207279744812,15.199712811342014,15.158601556129135,14.747050074155982,14.561842141675237,14.211681404928754,14.19813577780424,14.149204897755991,13.873478599798416,13.662910292225892,13.520692103238895,13.112565421341703,13.089768852216205,13.089260604833989,12.38709604809198,12.378140219676542,12.333236766502564,12.117038485177096,11.416154043551805,11.317301641628593,10.725036918618795,10.705057502753764,10.698096888072088,9.09762185911458,8.913004378297455,8.833680156502124,8.691847130073828,8.435426405533146,8.398241935503918,8.328009209869213,8.243921961036758,8.238069820831138,8.233294213067891,8.18571462321937,8.131636525699975,8.120164119462594,8.037714475556005,7.989213291231167,7.967926163364944,7.95351289553841,7.777716206296231,7.741530473506467,7.738232659306845,7.424426464203914,7.403207243325237,7.403166426062453,7.339790883435443,6.8977257922802035,6.871703720837285,6.871524285923112,6.832566279402912,6.821270347380358,6.820154562172171,6.764149261882939,6.416285505047846,6.363281715379903,6.320655218369957,6.292846525821055,6.2920847903287,6.274088990175739,6.2525736261454234,6.192477914413687,5.738813857896516,5.683381971164461,5.661803304224909,5.641605450110814,5.472628781532415,5.471097427362932,5.359597026521919,5.344168824116855,0.3422558117320625
14,4.679472624398299,100.0,100.0,100.0,100.0,100.0,100.0,63.2186755201091,63.00144570017607,62.54192177542603,60.92417332290718,60.80542965226498,41.736320180259945,38.57441517373316,35.900097982649356,27.434419295988665,21.70714542966497,21.5323531718211,20.88297580695415,20.427358525904225,20.096380253578303,17.433333576008216,16.82037047943503,16.758229958700024,16.070095472870527,14.552697577301362,14.199781366989463,13.628873590449974,13.4722938637411,12.909982578922937,12.879158864709547,12.689527109407347,12.418940363861704,12.389160794392154,12.114762999911635,11.937926011040856,11.59430166796395,11.580175418058749,11.540219500836065,11.242517843918343,11.212963487298408,11.08700602311838,10.658269257299619,10.641334070269219,10.640956609433923,10.47229083297689,10.464903939965799,10.42976170939723,10.096269322971681,9.506599733423371,9.380526954830327,8.544043914926277,8.52875899825538,8.522204067072652,6.037271384427826,5.7513093602087535,5.6757475880216655,5.602637698875373,5.303158835584876,5.216599456961622,5.167731215863994,5.046581656513998,5.041628337732452,5.038480674173372,5.00793214456747,4.957244830639128,4.937944553127846,4.866984944798589,4.820950708085716,4.795557984744699,4.775876796450884,4.718642397811142,4.695176165956544,4.694401266651771,4.608592441147711,4.593973674455116,4.593910183516259,4.538442001057625,4.153604704912202,4.112041185122978,4.111862918176737,4.062967973020431,4.036290686804993,4.035341994191271,4.035212365469681,3.809678823016169,3.7882507052766,3.766821203807914,3.763327035285997,3.762814861851959,3.7419634507578405,3.7085524390680136,3.6260544586016623,3.572399568773215,3.509904338350956,3.4892564413130667,3.4851817731234718,3.385912776467075,3.3803817243617442,3.2736414174213198,3.2280663760797212,0.27847091374326444
15,4.653435492942626,100.0,100.0,100.0,100.0,100.0,99.31607330435315,51.680151473866836,51.10503069611366,50.679705171095506,49.44535802725462,49.34911896137811,32.8920764682279,30.085222700538612,27.825598265981007,22.318002400923,17.526375397838848,17.360845291240455,16.937082481116637,16.52900330240659,16.21284351806874,13.697228931498236,13.205699629621165,13.150972638685205,12.653913414802934,11.290446694094516,10.900830465015696,10.502008271856978,10.378057261931282,9.904101773797578,9.874930985794128,9.751373139361547,9.487335767619511,9.456319446455469,9.295742080244581,9.171985231381926,8.901086654583215,8.89213390624181,8.861852721815218,8.613924785869928,8.572940271017497,8.424653710974916,8.064605456045332,8.051157733224775,8.050776917020421,7.872283630807397,7.865468507535443,7.8379620881644945,7.5877434986678525,6.336216620236993,6.278987768512691,5.971357367585693,5.956494539978596,5.9496235831128335,4.5398963535021934,4.367623966440915,4.326937376593543,4.246393325271009,3.976233446415091,3.8928907030702713,3.850040682720298,3.7694041195092893,3.7652205952245406,3.7630151762046053,3.737576799095607,3.6814189696929707,3.651283188430032,3.5444596732491016,3.527854297848884,3.503373039974935,3.4954909648711174,3.4211398276258023,3.4008808597458415,3.3999381899912104,3.296991826749589,3.276576151465717,3.2765299089534494,3.240098639541708,2.898420587233428,2.8723608263855938,2.8722474643703664,2.787115433543766,2.775730390714968,2.774044857125643,2.7731745901463216,2.6115739510021396,2.5974803239727144,2.579820866036088,2.578020444026215,2.577441074132921,2.5716283632020436,2.5179922869430134,2.4451225392141485,2.4206296728966152,2.405000183980677,2.3993556468199175,2.39588150419297,2.267789231367486,2.267335476644741,2.2036714777467625,2.1958384704176774,0.22659243795359144
16,4.628115966058081,100.0,100.0,100.0,100.0,100.0,98.10064921973658,56.59435234291074,56.40036729190551,53.60199405142537,52.28163945450293,52.19209770965131,34.21245453630437,31.366131577039905,29.342894842976037,24.355670391874423,19.075920814134072,18.89738653581136,18.579579517681665,18.240928435485635,17.941741141376017,15.955927199301565,15.653342492221459,15.606299833571937,13.984535379340462,12.799520477526155,12.519622245049973,12.15815680922734,12.043818423913548,11.39461183981426,11.368991658464491,11.272525433594524,10.992776161493547,10.961163803847917,10.71362310956651,10.610531750890853,10.393285433470798,10.385910434219982,10.362995096463484,10.186794298833492,10.168957740060717,10.103802270240383,9.806493840072523,9.798259059479319,9.797958873865227,9.63815765096253,9.63404333472587,9.60552135898259,9.418424992466123,8.764562787973313,8.740297862879721,8.530356983472693,8.520175448521867,8.514989450178613,7.138767447313034,6.917244481281534,6.874015451307442,6.812648898221461,6.48160586277382,6.279569660360651,6.249869840277046,6.197978046794615,6.1947075802285125,6.1912489999519,6.174798856143307,6.141255135146182,6.131607756764103,6.083876928966526,6.0667260245648,6.053423349812461,6.04306761440566,5.987654521793167,5.9801942190884425,5.979594415322702,5.917671246035132,5.902391077260556,5.902355223502342,5.879758133780399,5.485429921743909,5.467420785729399,5.467260990980142,5.403277170346159,5.394097797210733,5.393295507420405,5.388509530025929,5.2340224401699444,5.216233594955647,5.1934053436462335,5.188598426579295,5.188034444184672,5.182096613258985,5.142679116550957,5.081006835089533,5.063407745558849,4.401435850924397,4.396768660794062,4.394999471041163,4.267671680854832,4.266905996104571,4.2132645455821915,4.20949643441305,0.17393212456631751
17,4.607296798841537,100.0,100.0,100.0,88.53062566297139,85.54525325835776,76.75913969137808,39.74806289997796,39.44693009694267,39.05790387615116,37.93414427779209,37.8499064196151,24.77181482766939,22.404741970989424,20.70475988363165,16.217074105307095,12.639059222364706,12.512226491517643,12.23970610405643,11.934590375018255,11.682129223081803,9.524961426254915,9.204851721197834,9.153244639368777,8.776094507216895,7.578260163482785,7.389899342891527,7.0901143286879496,6.993094570367155,6.595560883935102,6.57775111094731,6.478089152206386,6.2438772621216385,6.21446648171497,6.0848015811894625,6.0067452461337005,5.78772578261382,5.779102375617183,5.754084893810211,5.5720692310295,5.551832063595727,5.489513368659124,5.17307459564988,5.164573355629348,5.164262852974353,5.103744776582233,5.100120732816639,5.079066911572628,4.9248853722341295,4.24826082828154,4.222390460729491,4.068746295084051,4.039753956101549,4.0373357732464115,3.0611634730705273,2.8763618859710602,2.8295968619602783,2.772390833324553,2.5616551785758563,2.524901006254911,2.5001619365868,2.4189738403825873,2.415571883837924,2.4142939260193184,2.39382311176757,2.3826165718990833,2.373646200863308,2.3295120071361723,2.3113991835317993,2.2961020637236005,2.291610715481072,2.211625567168644,2.1943028348126004,2.1937975920001813,2.0911575949435557,2.0821560870504694,2.0821265104026456,2.0595097624938545,1.8022023971070518,1.7901704500639897,1.7899402730049199,1.7593379841460468,1.7560435293426053,1.7554499662105187,1.7553830995596775,1.6048234459650597,1.5881970363951416,1.586017366159626,1.5827402766134107,1.5825827127016407,1.5762173570250702,1.556497519798616,1.482515929389475,1.460587109663993,1.4232545798865408,1.4190538179869172,1.418513247343715,1.3735947875590044,1.3730059744076197,1.315269379503266,1.3082491217570984,0.14661482500433848
18,4.581931018000903,100.0,100.0,100.0,84.39904649676753,81.27375316278187,73.37516791372185,37.05579481727848,36.748375323778156,36.36083314498576,35.027801794380466,34.95328233291559,23.129025492769127,20.95653828653166,19.425010890441094,15.512052335772303,11.757915450751186,11.64866531508926,11.118249915233655,10.839899397353753,10.60712686124303,8.9825006332336,8.600220361902856,8.560219055624726,8.19670494108547,7.127382237085421,6.953050620286235,6.685414384559781,6.593594840328447,6.334592058698192,6.3200399876149636,6.211893934587939,5.975571021434071,5.948130042277042,5.831058651937514,5.786137652905548,5.548150899218834,5.5387377937333495,5.5178294328791075,5.358931849804289,5.340986143565856,5.288176989724731,5.015705914892533,5.011126148081513,5.010852738336437,4.944161144053992,4.9404361845920555,4.908320559149786,4.759213544277602,4.062793285744788,3.874421847024567,3.7421426342558783,3.7354413585973596,3.73376409956472,2.6863497346989753,2.544586000440643,2.5168469280229884,2.4664091628482985,2.2534725366975383,2.2129969948806267,2.1776660702352437,2.1153798202747027,2.1134942861742787,2.112161740759177,2.096572125506437,2.0814303582908145,2.0652218043336816,2.033271306788692,1.9984225017227868,1.9847945403765532,1.9801198469155095,1.9319124481294228,1.9306362223738216,1.9302525563741055,1.8518749011492674,1.8439051999727742,1.8438150754305522,1.808161197580558,1.5435718235454288,1.5305884014667623,1.530486104250927,1.4858404779541092,1.4747841967204562,1.4742513195641735,1.4741931527195309,1.401797800514369,1.385794948115876,1.384140522916827,1.38155838524126,1.3815190547662877,1.374613020024058,1.3518051253455647,1.3269908780397768,1.3122765139264247,1.2593128400731257,1.2565025000168055,1.255772157123583,1.1654713866359443,1.1648163325795606,1.1169447435124282,1.1142123563138118,0.12353443288080339
19,4.570533179762672,100.0,100.0,90.79884662622237,71.57268161188176,68.9799385059808,62.242473875904146,30.490796582010134,30.20222857179318,29.910589180284116,28.611414891044017,28.53690248676612,18.678746792507066,16.674335390772846,15.363702225923884,12.083169395679995,9.367327752665123,9.245574063702227,9.009186586152255,8.781078379125248,8.557778139976351,7.297091678745141,6.988755993370694,6.961381166972596,6.648009550138597,5.741760784426084,5.643031732868824,5.360102920082526,5.308241718828416,5.1516495922127685,5.1396925158493785,5.0577485180439465,4.894116271072427,4.871687626027022,4.729957861885915,4.657629249572401,4.5355741948062684,4.530252452258589,4.513407737781694,4.388081691532861,4.375859730057353,4.309072108451893,4.076952548505376,4.073768311018457,4.073591497473957,4.035344364869559,4.032593948807621,4.018383338358442,3.8374743109451743,3.2095379430428026,3.170767176094428,3.0615271398749497,3.056824043468648,3.055556567119517,2.1753920599293175,2.0307764993927915,2.008465043778717,1.9944495111081277,1.8047860787583836,1.7989224834589923,1.756305915289537,1.7181033389333704,1.7163852080952808,1.715571120158196,1.7069682858236843,1.6900920100449366,1.6792626384138005,1.60975161223783,1.6022885953508237,1.5940333640577085,1.5908611892118103,1.537907741726302,1.531991075279992,1.5317009123109266,1.4713779677768817,1.4635086023841333,1.4634492504131986,1.4448573315790612,1.2629425033602475,1.2538359287620762,1.2537417226830891,1.202474577526495,1.1978735246540095,1.1971087296057532,1.1970531503971023,1.1146427316484915,1.1040435977790197,1.0818422062295214,1.079984104627979,1.0799405417962573,1.0749115707756713,1.0452914635316612,0.9789511539175264,0.9699547788978361,0.905475669571964,0.8962750151163232,0.8962722129284532,0.8266611604518203,0.826292643889729,0.7719543883059299,0.7686464628993267,0.09761402644360284
20,4.541871913046373,100.0,100.0,92.70398697224105,72.77920056450516,70.03967308568627,63.54293643091338,29.750142561686825,29.46950541685968,29.00248493920619,27.75600954092165,27.6898791546826,17.67360064252435,15.929097746831523,14.649326111949488,11.672171265774733,8.534386327514522,8.431533470197069,8.175062962739183,7.9256777113531065,7.739026698499272,6.643942033924571,6.2870873462931485,6.26107146497619,5.982647616504529,5.188515000273248,5.081251819351906,4.896974893022785,4.85779479637276,4.630841462342048,4.621663438441985,4.572246822734814,4.416499168487942,4.393731335385267,4.2953259233524905,4.261488650472755,4.15621744303226,4.15171205177269,4.1407828225689025,3.995300942500847,3.979956154615836,3.9240170424784666,3.6841009384952073,3.6790114694162956,3.678824825859384,3.619760389615748,3.6177066479821574,3.606470492311366,3.508622247044457,2.9501255772511796,2.9122471920188273,2.8247094732438893,2.8212210039414556,2.819931762149829,1.8669420559276735,1.7643921890141259,1.7489547646321177,1.731828509560376,1.5460877771526436,1.5411627710094005,1.5099674763989086,1.4397606936956684,1.4388587818671987,1.4382118036832132,1.423724246299254,1.4034495174926946,1.39737282716451,1.3470328674739744,1.3395725863668801,1.3272317679861712,1.3235761651654259,1.2775959220801059,1.2771712254307817,1.2767555730900448,1.2107798636560314,1.198957233237063,1.198907078844326,1.1578093122546247,0.9545958674809254,0.9450657597216249,0.9449547099154015,0.8788735907462569,0.8768132510507657,0.8752693269625633,0.8752343981510976,0.829922391329815,0.817506594180932,0.8150755512075998,0.8126377880043978,0.8126183010227719,0.8093065145184791,0.7711722256337433,0.7006000630446679,0.6950735065167636,0.6432765491726992,0.6419058125389009,0.6409887200692449,0.5893126288801048,0.5891737239050014,0.5699496130240513,0.5695732632133321,0.08089528601005004
21,4.532918877718376,100.0,94.89251906859467,83.58042075857142,64.31998638717133,61.9720408213247,56.59757883493934,25.15188781274175,24.81693002775483,24.43340835564336,23.157204302148884,23.100846391660156,15.023093083477594,13.352264511208864,12.263826113640954,9.552021455278366,7.3252038328917175,7.246776423227987,7.037472747112638,6.825094695734375,6.68688088837926,5.803079375456784,5.503736109411658,5.4822192412998305,5.299681061692173,4.466817954634624,4.404929663068046,4.21532654636441,4.17519293263381,4.021643897585238,4.0136840374714735,3.9847705412180208,3.8397227850617197,3.8227511491692012,3.7813852908787546,3.750411917594966,3.617136477528155,3.612322432048419,3.5990226022901517,3.4830688360752347,3.4717411448151614,3.440356378057962,3.277661618958021,3.273927603955078,3.273761731668372,3.2451718440957147,3.2434849431160173,3.229153912091634,3.146617494543698,2.5308109795275318,2.498477725343632,2.4412791737861683,2.4387778090514667,2.4377291954268414,1.5055897090404904,1.4073294021145324,1.3844470789401386,1.3656537284322192,1.1526241914944038,1.1511231224693972,1.121403029326784,1.0868073928686415,1.0861565731062055,1.0858160959429994,1.0683015194964551,1.0448161504147289,1.0411187083653193,1.018835020716858,1.007219680122847,1.0045313877482511,1.0030715735391642,0.9495039641635569,0.949176088150675,0.9488284180885957,0.8826015328556689,0.8780515502965875,0.8779656414947472,0.865821192793146,0.6751089882293493,0.6724549679949697,0.6723707864671713,0.6311617727792663,0.6238679762132302,0.623195335214882,0.6231783781042555,0.5324677119226523,0.5191949784818071,0.5165236776207492,0.5157121285022712,0.5156911103872588,0.5149295917852084,0.4974574196463819,0.49297467416774116,0.48728606644102307,0.4641458525074697,0.46337782279054013,0.46334061370662616,0.42576121715375237,0.42553505330807734,0.41057641453227806,0.41043052928389534,0.0637074351080268
22,4.521537682286733,100.0,90.3892965029813,78.74574903596013,59.96411582842468,57.71705546397498,52.73310618872982,22.881065884758947,22.5554391349921,22.111919471553882,20.824013417809095,20.766363050912304,13.725222276922452,12.105661310099944,11.135036577303724,8.805890786201262,6.974807051859387,6.894960817731344,6.630070806115907,6.453760653938093,6.334632493004106,5.510759459181292,5.074058313391526,5.051877237081795,4.854291261891367,4.134899022896669,4.092973132400588,3.939611223790135,3.9050704579094684,3.751747173752895,3.742521918962531,3.7139022528074657,3.5728439506099487,3.5483839401163157,3.5209634903325906,3.499551907893144,3.4396623102882065,3.437094106038537,3.4285352771492383,3.319275446212017,3.308285943943841,3.3000826435735475,3.1068679373420345,3.105668526774756,3.1055369624098947,3.0951841668142865,3.093390264203892,3.0773241374830973,2.962252212319081,2.285555666389116,2.2406727110615816,2.2127677982334903,2.2110305306294196,2.210324500105375,1.2232690244512108,1.1333770144083564,1.127010856491777,1.1178284827417235,0.9341655300903642,0.9249780731183775,0.9049828292011641,0.8684283296373952,0.8679850437799862,0.8672817579415223,0.860452000703681,0.8500863989801157,0.8478093757338122,0.8461873435005284,0.8447499712082958,0.8403396770665338,0.8402534105898003,0.7931158947560338,0.7930632443316271,0.7926671429182974,0.7119475847492489,0.7108833279288662,0.7107943683097341,0.7060356652760239,0.505570100645002,0.5041456408057919,0.5041018044680794,0.4646781585251363,0.4621152677254441,0.4609098133861147,0.4609065469164692,0.4398889339927731,0.43037655912197464,0.4280187292752096,0.42778309025783273,0.4277706384186962,0.425453482515966,0.4033353765584516,0.40117263877659315,0.3971827895338553,0.36523707477403855,0.3641687863617917,0.3641506944119478,0.33394250908385037,0.3337723325758006,0.32182366242587973,0.3210959956097478,0.05222619100889783
23,4.512211275061419,97.18349130572362,85.95429167499152,75.09464266688771,56.46863100357984,54.54013799756872,50.01986245846279,20.50597724067039,20.111003710932458,19.66994849574781,18.53320018756532,18.482197517764074,12.068591208366577,10.808314560839614,9.9949136664608,7.786581873328074,6.089028573812076,6.0088815647793155,5.803227268441306,5.63719026804917,5.560579626080001,4.840155825328847,4.541792653815577,4.527344716037491,4.323743563671195,3.6704692177196034,3.6306342494328065,3.483038136367569,3.4527949355402954,3.3119656380459537,3.3058069698871444,3.2773377083127793,3.1356379337993947,3.1059734812788293,3.0831662506302666,3.0642099010764627,3.0122323280997203,3.0102379617286923,2.996972493256537,2.9453051812223507,2.93835213734479,2.9122489910936715,2.71473493242597,2.7117118561532516,2.7115957939779403,2.7042673220175835,2.7026765122136487,2.677519479775603,2.6143181157525603,1.9565533308918115,1.9318991668600176,1.8981969365888487,1.8952173306048337,1.8946896141834455,0.9916488312742011,0.9010920255032256,0.8881405641653065,0.8794202860781914,0.7676971124098428,0.7584925085472832,0.7346185720118883,0.7028886609230711,0.7024517342255644,0.7017742192687114,0.6992266789825741,0.69260007938911,0.6891777085850813,0.6684005632052811,0.6676567284858678,0.664641651416403,0.6645863593368861,0.6352320152218864,0.6349884055805811,0.634707439692295,0.6009757076398402,0.598171917009864,0.59807393322831,0.5965265128489957,0.45543655332364796,0.4545938236031116,0.4544950344673464,0.4430699295316969,0.44010230951688895,0.43877700124207486,0.43876828626317566,0.4087611998014841,0.40822145327719245,0.4059917339907082,0.4057237555136284,0.40572248172312475,0.40444934067912736,0.3990488697176416,0.3972159194944409,0.3948825226245961,0.33997018259589734,0.3390985490793907,0.3390978715984345,0.3276046076846277,0.3275813304009462,0.32015955509563376,0.31997163953505203,0.0453550098331143
24,4.499157028281448,90.45583399407812,80.35606836167409,70.36303735514106,52.63088801199361,50.90160201511468,47.314485000728574,18.923110789696317,18.51640155874892,18.075734296045745,16.810277746553442,16.765099142779004,10.736188639221115,9.597298143836847,8.852127144508705,6.955157986662937,5.179074931496002,5.1066278644398135,4.9486299036248305,4.785052347856737,4.719163548206528,4.262096096779552,3.954460479257387,3.9406421317584313,3.800563247068414,3.262090066684295,3.237220079197499,3.105408350249179,3.0775433008041846,2.9414824684482235,2.9360804915740815,2.913159471113071,2.7825768024489483,2.7624353497667236,2.731128651314336,2.718437246193484,2.6667194030444854,2.665108287801352,2.6553748853562826,2.6203429173325055,2.613267840782865,2.5941767312201067,2.433555943539772,2.43127240643289,2.431158847319906,2.4200926273256096,2.418923803491766,2.39132876625823,2.277677658073496,1.5653358714546208,1.5509045864044633,1.5335893184047646,1.5327540731190965,1.5323172151641802,0.7444802673517518,0.6645473251899952,0.6585856235403931,0.6551397513017264,0.5553893057263106,0.5542468774027439,0.5443625816194886,0.5165740556135914,0.5163205963299996,0.5159783997222177,0.5128579926512167,0.5046670006389458,0.5041550526637006,0.4894469139570028,0.4892141618440886,0.48794889055732654,0.4879090956637187,0.4449160489029024,0.4447443577219681,0.44462689439153036,0.3877117049833218,0.3861095903556633,0.38594477896089613,0.379033561818782,0.24687158260597683,0.24670178860946151,0.24664068931039945,0.23235126882122065,0.23167388188710444,0.2308359648123914,0.23082047437838268,0.2127051039310722,0.21025420633449415,0.2082196921926752,0.20790787145553408,0.20790158227654051,0.20740342879804866,0.1999483939880898,0.19903306535584955,0.19649604800224116,0.17203997166038815,0.1716820263881036,0.17168129090437306,0.15598400808140633,0.15595095888205673,0.15208341358653513,0.15207913633467923,0.03281345328821143
25,4.491546946356334,88.46523286671635,78.61615073589505,69.57840859928463,52.167996245178564,50.69968072932669,47.337729778441776,19.063794024744443,18.675809285124668,18.256709767791833,17.01137216412039,16.969142583503064,11.270860128357553,10.078386280580405,9.418850955950905,7.470145981875722,5.605453315222077,5.550084723977763,5.370179020786693,5.229924671413421,5.172209912830153,4.64895078191248,4.321556822836106,4.307516679024433,4.125981403607768,3.5493340223546888,3.5326352743636336,3.353514574142057,3.335164300490469,3.1988800403464217,3.1962892159866643,3.1819162615426286,3.0161549935846907,2.9897364311016803,2.9679035218990157,2.957253379849331,2.9134052231806935,2.9119048053339474,2.9017334028030644,2.8699580211027045,2.867195033162679,2.860408169189343,2.7320347183525993,2.7310815194156848,2.730942247609952,2.726995348884358,2.725748410413203,2.6902521805585358,2.6412105384977793,2.022844884904624,2.0021617978043253,1.9812582401306276,1.978377284744094,1.9779417782699875,0.7379437912452407,0.678419669981906,0.6722077002438173,0.6711089063283376,0.5483421769301937,0.5469681495369996,0.5393045732801147,0.4995923801414205,0.49923858650423814,0.49872561692652,0.4947040676232891,0.48803460270932,0.4878436678552534,0.48778527082587253,0.4877108192244027,0.4869438412098852,0.48694213968380595,0.44716770814376744,0.44705150000971355,0.44685980635337175,0.4058780797893606,0.4017996584264515,0.40162800909862734,0.38784562692360325,0.2754081751457561,0.27538301223318384,0.2753357752272587,0.25973461791297786,0.2589194048884971,0.2582312098762886,0.2582283068223896,0.23721744444957057,0.23596148878070375,0.2343755569247717,0.23415570040411954,0.2341551945849303,0.2339784524655215,0.2269779386549917,0.20069291150492727,0.19976817363308694,0.1538432667746093,0.1529483245521867,0.15294830524422412,0.14506076043963123,0.1450265948526883,0.14068804482917535,0.14052669438105886,0.03163997862461953
26,4.4777249170344495,81.21099716465218,71.88314156284905,63.35910073264203,46.63925399088207,45.24296988417838,42.51876670768997,16.796023551036566,16.34832248060107,15.938317317965643,14.487921926151518,14.446839183885054,9.88181844886643,8.69755303010126,8.134253615926948,6.467387945869475,5.1133772507984085,5.063729475221016,4.941313850068641,4.81213285624141,4.751039798861576,4.267535832540975,3.936357037465123,3.922996038292337,3.8399073692173213,3.295942693408122,3.2859206620371304,3.14635330626002,3.126894042462917,3.0229644055633638,3.0186720370154845,2.9973947709611957,2.849693137156003,2.8299575796107463,2.815071327538364,2.8094752451213427,2.7904472658883837,2.789412229541832,2.779462272190391,2.7525484797627975,2.7470334758000243,2.743557038804291,2.6073200712911078,2.606819115700474,2.6067477788235096,2.6016083609101464,2.600336606792465,2.5843169188329362,2.483338252765373,1.8417143826086073,1.818641819260724,1.8118233163792472,1.811310955431389,1.8111019465431974,0.6960195781971238,0.6325103901543879,0.626966914429009,0.6262667987744187,0.5361385151461083,0.5358070533634968,0.5214611433507165,0.4990781413245406,0.49889937611099333,0.49870131596311634,0.49823815935851107,0.4935297369493573,0.49270424008575364,0.49265870834002595,0.4910500018653313,0.490546108437021,0.49054431594054954,0.4612539166557724,0.4610239125568586,0.4609421854064932,0.437808365638788,0.4368876374038612,0.43676255423962224,0.43484507525038807,0.24710170374483914,0.247090995453049,0.24706667017599857,0.2461967489076202,0.24525404129600345,0.24422467860082034,0.24422037180062997,0.21380380939704607,0.2130339296148844,0.2115322481416524,0.21103534038808655,0.2110339024001193,0.211006918642557,0.2109399816381399,0.2104517979750511,0.21037175080272102,0.19346402737647686,0.19332699470707987,0.1933268271348083,0.18120430925076064,0.1812043052021419,0.17598976202545158,0.17598051139364757,0.02514764561697385
27,4.475008928929411,76.5759480911478,67.98879069055126,59.911369757765534,43.61801913814363,42.38207362173542,39.76125872872349,14.460582797773368,13.984199269840019,13.569891065314058,12.365550554415975,12.326289325450118,8.528634839811753,7.504524475693841,7.019780622932454,5.650646380180352,4.476410422363789,4.435448666390058,4.315379870179912,4.211544448633853,4.171446563274049,3.7338835368131718,3.4691838801748074,3.459154104037081,3.376572009949342,2.9043685556167884,2.8964701581199233,2.774073701195745,2.7600009978356326,2.6755066034257196,2.6729163964447347,2.6640872568481835,2.5341111529833467,2.514037558260663,2.503477118827376,2.498258877371025,2.47253944703985,2.4715700814779336,2.4646706024188525,2.4588959375769885,2.4564940273609928,2.4408827037542022,2.2904634893985243,2.289747503520554,2.289697775685444,2.2879959821251856,2.287414284669472,2.277006403834265,2.184248072327763,1.5421231770436457,1.527295877887778,1.5223473250904183,1.521812263457157,1.5214704480751324,0.5323102778185681,0.46364248783572826,0.46195759230975053,0.46149270221328836,0.3511635206213979,0.35084098028643823,0.34502168797510013,0.3160346783189188,0.315980006220225,0.3157420229155071,0.3149972088193274,0.3149911526529098,0.3147905982269242,0.3006783450090057,0.3006536275708192,0.29578365287676467,0.2957817978964889,0.27467722804419253,0.27458634020152106,0.2744748484990416,0.24185061320498466,0.24053993540051866,0.24043188159501144,0.23770570101793068,0.1305308526410464,0.13051698603106898,0.13048366583786,0.13047460097328353,0.1302622287474644,0.129812176671938,0.1298102762813675,0.11758820392910034,0.11728873871492923,0.11617354370680351,0.11606438928102758,0.11606205318049635,0.1160500753066645,0.11594507239810406,0.11589350112556104,0.11535239962477935,0.11535064065673357,0.11519438412739867,0.11519419807315678,0.11333503718229497,0.11333503220111346,0.11299103380482828,0.11298418460484573,0.019476678085905193
28,4.475240866450446,74.01557584984701,66.12077026093567,58.859575427451304,42.45986837091685,41.284614929594944,39.20340104092548,13.379996848082301,12.82637905765657,12.441473271230706,11.436264005733259,11.401692848642599,7.84805884058643,6.788494834224145,6.376694201590996,5.207393527272873,4.0770237004093115,4.031861385067363,3.927068606259588,3.828355509463439,3.7936600078667553,3.4110022052882036,3.075525063810731,3.0699750643553787,2.9923154669441145,2.590289579182555,2.5854468850836234,2.4995090595047573,2.49537277922754,2.4051553639249326,2.4025634878766935,2.3942183397547754,2.303945525382318,2.2890370798387663,2.280164848629579,2.277066978247747,2.271745039313967,2.2715083875706363,2.264998876513167,2.264139352238295,2.260861081443924,2.26048461477049,2.1274033347548067,2.126833702471026,2.1267799599422,2.1238295377923913,2.1231371062721904,2.1126581528436343,2.0028543912928547,1.2183524073016028,1.2061580609584743,1.199225930684322,1.198553022089916,1.1985168702922742,0.5147570631414838,0.4166913628850923,0.4126201350413885,0.41192420965149945,0.31381602693902827,0.3133992556489981,0.3091247903522813,0.28736251535638524,0.2872519642395438,0.2869852328116276,0.28688750405238866,0.286883504028606,0.28679817231771576,0.28672307777857375,0.2866741173255314,0.28655973618448893,0.286558215563061,0.27156512237347197,0.27147862393944305,0.2714756672261168,0.2495715851774055,0.24918127746366867,0.2490843278060428,0.2483107758623304,0.0976948119564243,0.09768191731041477,0.09764041640596637,0.09764041640596637,0.0935103770893115,0.09313307499576247,0.09312989319434115,0.08273227383509905,0.082628178949259,0.0813802431586491,0.08130095101863156,0.08130095101863156,0.08130095101863156,0.08126666017241209,0.081192450239464,0.081192450239464,0.081192450239464,0.0805890338569121,0.0805890338569121,0.079572062627888,0.07955667384564333,0.07934545325918196,0.07934545325918196,0.012814336250585536
29,4.456235011853174,70.81373223204633,63.32550347687711,56.76069868949347,41.101267412027696,40.07220720259947,38.24542110307227,13.43119362208962,12.84668505664839,12.445716559218527,11.334008384764525,11.2978862256884,7.714455739723728,6.837529224354644,6.428826037109296,5.290795710555208,3.9880879248618077,3.944542875825458,3.8353940899344603,3.7392859660905318,3.7101414451134263,3.3584747086914786,3.0861178225007566,3.0801871797409612,2.9925441279631646,2.521209903705297,2.51865404820643,2.44036661224258,2.427437540249051,2.3440671015479553,2.3431499397445723,2.3364253984123144,2.210230786205298,2.1986771654043133,2.192847353587772,2.1886496241086797,2.182350613408321,2.1820543906253866,2.17618883993578,2.148085249172552,2.1472239485671043,2.146957010992967,2.007399088476904,2.007159969372339,2.0070998343220183,2.0053192248690825,2.004431228802125,1.9955043855265606,1.9419894548678414,1.2754321033586082,1.2650099918703415,1.2641910592041012,1.263778708311049,1.2636094665323907,0.4402838862725357,0.3599796910374224,0.35950126453304343,0.35872291635956893,0.22858442862636993,0.2285115289228491,0.22223757137832648,0.1989431678615067,0.19894316706966642,0.19877542928855196,0.19877542928855196,0.19686043010653684,0.1939515910383399,0.1938132263568339,0.1937279595710507,0.19370722072306143,0.19370722072306143,0.1839552291670086,0.1835295141423876,0.18352685791520146,0.17664114430313163,0.1766131029869921,0.17650751046799437,0.1687162755486802,0.08771957841235647,0.08771957724770515,0.08768848772470964,0.08765473557751906,0.08759204101473148,0.08721810968622075,0.08721631544592684,0.07589116923872107,0.07579300964918285,0.0739466918516977,0.07382953751549183,0.07382953751549183,0.07280475629832474,0.07278322297023328,0.07267398502843414,0.07267398502843414,0.07261897995937457,0.07261874618224139,0.07261874618224139,0.06625305712096029,0.06625305712096029,0.06569911616730044,0.06569911616730044,0.015413628965864701
30,4.449235532934154,66.35137835553876,59.49099235529014,53.084176587951305,37.89649610879831,36.968389761883934,35.32586189049063,11.546403462044541,10.991356845892728,10.636674859886188,9.659446436085263,9.629266505853609,6.786142846483104,5.776676082275945,5.412148580906157,4.438069452748758,3.4724352225734068,3.4377818671435443,3.3641385215711113,3.2879155992549274,3.264210826121801,2.896539158796107,2.667600421273597,2.6626508374789686,2.6286717999640032,2.3040474296051836,2.303462718989581,2.2339153162966423,2.228143326592748,2.148953558856662,2.1480321484465503,2.1451809646199456,2.0723429749654905,2.0627175854541693,2.0571308623916154,2.050227882746757,2.0447310426150134,2.0441604629565164,2.0397055438473655,2.0368437982765304,2.0365777662337243,2.0365412714838897,1.960742386517957,1.9603140867797206,1.9602939892917925,1.9598910459860337,1.959387790383032,1.9472567079754852,1.9076414909872463,1.1516619763860467,1.1458136807757204,1.1376353762098441,1.1374145610174504,1.1373003181335568,0.4813402238549502,0.42832606094371095,0.4279943640036964,0.42793727053309233,0.3546891097187285,0.35462125634669966,0.3511711011844078,0.3402104069015323,0.34021040517695056,0.3401179518098296,0.3401179518098296,0.3373448604121883,0.3373310266711913,0.3370815748755811,0.3369930654659349,0.3369617252168858,0.3369617252168858,0.32991843853761604,0.3298790649864941,0.32986924886915886,0.3212703717415768,0.3211767225501868,0.3210686537298039,0.3209376743940269,0.1246233187180248,0.1246233187180248,0.12461237260782378,0.1246107607912069,0.12458353322346553,0.1245566676073247,0.1245566676073247,0.11605262443057356,0.11222965466115255,0.11092344361064584,0.11091939537684271,0.11091939537684271,0.10967967050084045,0.1096465695564486,0.10964078103315618,0.10964078103315618,0.1086523517612396,0.10834259695930712,0.10834259695930712,0.10812939819979799,0.10812939819979799,0.10793099734450151,0.10793099734450151,0.010926401699958219
31,4.444966556933201,63.13952854967822,56.661380040505534,50.964759984413135,36.13733270455494,35.36206601747686,33.99200609619345,10.926104830998991,10.263955687391858,9.90082476800421,9.009068927530963,8.985850242685963,6.531305405911927,5.532947850066517,5.2590872159685995,4.285044590083124,3.2250991705508762,3.200630737736318,3.138656276148627,3.0770454732185617,3.0653136240445953,2.7685898372443685,2.514100686175525,2.5106343791351384,2.487296316192816,2.145334114257622,2.14455583440373,2.095798859773558,2.0948728424913896,2.055209209359359,2.054986986941099,2.0495845993426163,1.9624533898235028,1.9545752162970702,1.9531917634155962,1.9522596858944856,1.9477494277095535,1.9475681404706429,1.9413859974237715,1.9403817445887348,1.9402044387642006,1.9401164309257228,1.8801295052996847,1.879957485815529,1.8799093075964823,1.8794915956717266,1.879052693997474,1.8585197381029315,1.801746215767488,1.0189046405406768,1.017936274287481,1.017559685883263,1.0173774645663056,1.017365222163671,0.48845344943107144,0.4375381570059074,0.4367351050029627,0.4366972864217025,0.35984286062323484,0.3598410404651295,0.35848692990119596,0.35033595612945634,0.35033595513739796,0.3502204267865457,0.3501754817511716,0.3501754817511716,0.3501754817511716,0.3501697444171024,0.3501697444171024,0.3501697444171024,0.3501697444171024,0.34571765271692095,0.3455680421025863,0.3455680421025863,0.33941616089611376,0.33941347726909976,0.33931468649459434,0.33929989419542117,0.12649886392222215,0.12649886392222215,0.126473024958711,0.126473024958711,0.12637462862636462,0.12629071863779207,0.12629071863779207,0.10879120206199039,0.10879120206199039,0.10772975276371441,0.10772975276371441,0.10772975276371441,0.10772975276371441,0.10771212216361589,0.10771081111657317,0.10771081111657317,0.10771081111657317,0.10747193146690683,0.10747193146690683,0.10584521662432246,0.10584521662432246,0.10482526859308577,0.10482526859308577,0.009356262092388311
32,4.422113177666964,61.12451092941516,55.44277656817769,50.19654819582445,34.865511141150236,34.13122231588837,33.00554167551781,8.993990885542628,8.375668648590413,8.046721176306443,7.110706297447236,7.086741788468769,4.993770518551215,4.244853315903812,4.003508961869547,3.3528915647455677,2.6383940819530607,2.6142787198632327,2.560986942949527,2.5023055869776334,2.4805187275808382,2.1927171140883637,1.9198869351456718,1.9142592010996904,1.8848150011615519,1.6364992921610049,1.6356089373332,1.6080843304275743,1.6057397139824836,1.5372730799337808,1.5369325674824876,1.533926065237199,1.4573421662488795,1.4487694248533438,1.4473186012702084,1.445942800679447,1.4452102659884762,1.4451116141330782,1.4401365845078171,1.440065193170332,1.439871622927617,1.4398694199897544,1.380675517624397,1.3806153143455029,1.380613135164166,1.3803888924214491,1.379816447502444,1.3702607586966942,1.3446997323392709,0.6421759062297602,0.6377966956580421,0.6375082368280988,0.6373844551838094,0.6372455034569419,0.26627031024567027,0.23035588475373922,0.23023848512119074,0.23023848512119074,0.18262250624876014,0.18262250624876014,0.1784416043750607,0.17213435848938216,0.17213435848938216,0.17206961697883963,0.17206961697883963,0.17206738096450738,0.17206738096450738,0.17206738096450738,0.17206738096450738,0.17206738096450738,0.17206738096450738,0.16986851450489898,0.16986851450489898,0.16986851450489898,0.16854536242791243,0.16854536242791243,0.16844442653588443,0.16842012050811297,0.07412084322931975,0.07412084322931975,0.07411490091356704,0.07411490091356704,0.07407788269624488,0.07395791039466877,0.07395662009212993,0.04702640233438282,0.04702640233438282,0.04636996258059003,0.04636996258059003,0.04636996258059003,0.04636996258059003,0.04636208546711849,0.04634023612893864,0.04634023612893864,0.046312553778457416,0.046179270824327365,0.046179270824327365,0.046166795228415054,0.046166795228415054,0.046166795228415054,0.046166795228415054,0.006375172725425921
33,4.431137023343881,56.74431527903224,51.625475861067855,46.379433654993214,32.14245647753602,31.478323020074892,30.402109545798055,8.306436537369038,7.62488586865407,7.33081779921067,6.63449943091412,6.611080193667983,4.649781449883596,4.053819662511621,3.8367474067592626,3.253546611472433,2.5309153305722534,2.5058968870045,2.4758261052280113,2.4401257691934872,2.409721341549429,2.1905647988983907,1.9440362936187363,1.9426702877225026,1.93079038470082,1.7115014560925625,1.7112369308140172,1.6626754709891536,1.6617339613153557,1.598628529488879,1.5985460343686668,1.5964882836133063,1.5339738431274836,1.5274862827250226,1.523427556891328,1.5225183613324877,1.5216052757998986,1.5213423573362665,1.520394837394432,1.5203696269217009,1.5201730015072985,1.5201456575304555,1.4161844687669323,1.4161530745832465,1.416151273496081,1.4161439453576339,1.415850887888455,1.4073334404391231,1.3777371006707688,0.8267317368891398,0.826642917130419,0.8260683075304839,0.8259851703395708,0.8259828871389547,0.3233983952221324,0.26399010198307193,0.2637538824391376,0.2637538824391376,0.2200842303626483,0.21996972338488546,0.21951362245421108,0.21948489056960094,0.21948489056960094,0.21941243335158683,0.21941243335158683,0.21941243335158683,0.21941243335158683,0.21941243335158683,0.21941243335158683,0.2139503520183585,0.2139503520183585,0.21003034456151382,0.21003034456151382,0.21003034456151382,0.20404457885590047,0.20404457885590047,0.20397819839389372,0.2039484704942429,0.07851280652807151,0.07851280652807151,0.07849602256113876,0.07849602256113876,0.07849602256113876,0.07841665274415992,0.07841520315867191,0.07841520315867191,0.07841520315867191,0.07788143238652392,0.07787519755746783,0.07787519755746783,0.07787519755746783,0.07787357753703907,0.07784182908634785,0.07784182908634785,0.07784182908634785,0.07784182908634785,0.07784182908634785,0.07784182908634785,0.07784182908634785,0.0776709059691893,0.0776709059691893,0.008401867714084884
34,4.416072091238529,50.892380112508924,46.320078652917395,41.812679796010876,28.95388273282713,28.332689169548903,27.308001139941904,7.5748046968961,6.87090600267517,6.631428236876112,5.657534386072186,5.638918587011123,4.266878496779101,3.494444630831071,3.321755289550173,2.8920652676592344,2.381083802740998,2.365136410573805,2.333413379367347,2.2928294187055545,2.2776332925751896,2.0673688416963296,1.9029366785032993,1.9011543040027161,1.887808346373338,1.790502466940586,1.7901302963148826,1.732810726364959,1.7319807452860745,1.702050248690882,1.7018104497121322,1.7008298685826424,1.6501659239210482,1.644977994154262,1.6446527147771015,1.6444490636100613,1.6427466623687124,1.6427220017084592,1.642435507544774,1.6423722025887684,1.6423722025887684,1.6423438792990017,1.5832844176444785,1.5832375943752128,1.5832333900889943,1.582802198889165,1.5825568401727654,1.5802020989366767,1.580100010531621,0.9574466523423273,0.9572287683464117,0.9565474247767234,0.9561620652133537,0.9561594558930993,0.29202082148573444,0.22135457268526265,0.2213455336826961,0.2213455336826961,0.1308197552266546,0.13081975088228767,0.13025614231623764,0.1291453183372893,0.1291453183372893,0.12906160579141251,0.12906160579141251,0.12906160579141251,0.12906160579141251,0.12906160579141251,0.12906160579141251,0.12906160579141251,0.12906160579141251,0.12691641735196144,0.12691641735196144,0.12691641735196144,0.12686511211751975,0.12686511211751975,0.12684132150044505,0.12684132150044505,0.03850769208481667,0.03850769208481667,0.03850272497217604,0.03850272497217604,0.03850272497217604,0.03842184977226989,0.03842027002752703,0.021609090311875776,0.021609090311875776,0.021006431471859106,0.021006431471859106,0.021006431471859106,0.021006431471859106,0.02100039807677471,0.020972261803031005,0.020972261803031005,0.020972261803031005,0.020800967434670213,0.020800967434670213,0.020800967434670213,0.020800967434670213,0.020800967434670213,0.020800967434670213,0.004366468568587658
35,4.414581034760776,46.27266688825864,42.23388649707683,37.73643407841515,25.548535545947196,25.031344998259225,24.225477232306616,5.922066015653054,5.178719059683485,4.952472610732384,4.155371864260197,4.140256449745491,3.041537176303143,2.5367382919160253,2.3611025227581846,1.9905522646091378,1.723174926619937,1.697934496952055,1.6835512417731575,1.6233279991059495,1.6055357370906052,1.474026519584591,1.316589653122978,1.3145674160636824,1.3048843252611495,1.1601055704930707,1.1595549494029265,1.1365252257722098,1.135613580062947,1.1086383137430247,1.1084898903018712,1.1084739234909218,1.0475769063045834,1.0421482437551328,1.0412433723540981,1.0411795547017262,1.0408187216078604,1.0407770724152001,1.0403884271737627,1.040372588326045,1.040372588326045,1.0403702954378546,1.024952150378252,1.0248743237183895,1.0248720896320995,1.024862058650596,1.024558182338352,1.023138259542436,1.0180389454574519,0.4584889381770201,0.45836116972392316,0.4583528971958362,0.458334907332341,0.458334907332341,0.17618303977718414,0.14764347313452542,0.14764347313452542,0.14764347313452542,0.10149142098040131,0.10147793864997269,0.10147793864997269,0.10143979806704297,0.10143979806704297,0.10143965003973036,0.10143965003973036,0.10143965003973036,0.10143965003973036,0.10143965003973036,0.10143965003973036,0.10143965003973036,0.10143965003973036,0.1003122548888514,0.1003122548888514,0.1003122548888514,0.1003122548888514,0.1003078308855667,0.10028073153664688,0.10028073153664688,0.015749747990519678,0.015749747990519678,0.015749747990519678,0.015749747990519678,0.015749747990519678,0.01570602881195534,0.01570602881195534,0.01570602881195534,0.01570602881195534,0.01570602881195534,0.015706001660120133,0.015706001660120133,0.015706001660120133,0.015696844329418782,0.01567566571066586,0.01567566571066586,0.01567566571066586,0.01567566571066586,0.01567566571066586,0.01567566571066586,0.01567566571066586,0.01567566571066586,0.01567566571066586,0.0012191617911968423
36,4.3904178524225586,42.17431184301221,38.4035732009621,34.28240305540639,23.51048733620802,22.94830849617348,22.191778675258327,6.44213612973279,5.624223725012745,5.3297288339040705,4.63757956600418,4.623358754455265,3.199808512478546,2.8457019578147897,2.6975214652446797,2.315905099825916,1.4597486449881465,1.4481978745424462,1.4346192466476209,1.4145515128884294,1.4051517809327887,1.2876742949172826,1.1455046553204342,1.1446330522412635,1.1272225033279377,1.0057489115391178,1.0057489115391178,0.9791257600469621,0.978886326758194,0.9615471669627348,0.9614061811185134,0.9609308535502817,0.9339879232201082,0.931016915942976,0.9305229196834885,0.9303957057119048,0.929908744491592,0.9297370104883282,0.9289232485133626,0.9288442178342401,0.9288442178342401,0.9288442178342401,0.8862683540987925,0.8862317095635439,0.8862293119110828,0.8859709144262644,0.885810899949813,0.8834099066772746,0.8823657520145185,0.4457290268350768,0.4456406159302539,0.4456406159302539,0.44561967897736726,0.44561957679146097,0.15351908962468133,0.109205067061981,0.109205067061981,0.109205067061981,0.07161714404800491,0.07160210441255115,0.07160210441255115,0.06252731560806359,0.06252731560806359,0.06252730916379971,0.06252730916379971,0.06252730916379971,0.06252730916379971,0.06252730916379971,0.06252730916379971,0.06252730916379971,0.06252730916379971,0.062462071332796174,0.062462071332796174,0.062462071332796174,0.062462071332796174,0.062462071332796174,0.062416816363745346,0.045730599079533134,0.009113230499030654,0.009113230499030654,0.009104652829396235,0.009104652829396235,0.009104652829396235,0.009104652829396235,0.009104652829396235,0.009104652829396235,0.009104652829396235,0.009104652829396235,0.009104622541331004,0.009104622541331004,0.009104622541331004,0.009100120675046168,0.009075785654600066,0.009075785654600066,0.009075785654600066,0.008849346173900461,0.008849346173900461,0.008849346173900461,0.008849346173900461,0.008849346173900461,0.008849346173900461,0.001195907644497533
37,4.370987395854253,39.07189964871048,35.51883743530834,32.26895510744125,21.283759529708597,20.757368764291066,20.050170082790626,4.7181670150301445,3.9290239435515946,3.702365212093148,3.115031692575934,3.1042859522417077,2.2186081915226503,1.8162736625039402,1.698032175879256,1.4496076436859566,1.153232081938861,1.139992851616952,1.134649428121106,1.119466024894429,1.113327170184506,1.0237961822329227,0.8724833387352087,0.8710804301819499,0.8549369430649258,0.7760384709010024,0.7758870915091077,0.7750986490021683,0.7750475917894458,0.7457991250878402,0.7457542893135753,0.7454731221968819,0.7387720673398496,0.7342507324850482,0.7342507324850482,0.734145293846942,0.7340644855978972,0.7340644855978972,0.7339930612369467,0.7339089873090473,0.7339089873090473,0.7339060662667098,0.725112702135564,0.7250670935133244,0.7250670935133244,0.7250151953351706,0.7247789232705057,0.7213048796518516,0.7212344108629166,0.17389634750927693,0.17389634750927693,0.17389634750927693,0.17389634750927693,0.17389362004793066,0.11611384481665708,0.09702437655009606,0.09702437655009606,0.09702437655009606,0.02703328628411674,0.02703328628411674,0.02703328628411674,0.02694432217134705,0.026944320005111662,0.02681780331048313,0.02681780331048313,0.02681780331048313,0.02681780331048313,0.02681780331048313,0.02681780331048313,0.02681780331048313,0.02681780331048313,0.02681780331048313,0.02681780331048313,0.02681780331048313,0.02681780331048313,0.02681780331048313,0.026792104201110757,0.026792104201110757,0.00032447699349827635,0.00032447699349827635,0.0003107308848218461,0.0003107308848218461,0.0003107308848218461,0.0003107308848218461,0.0003107308848218461,0.0003107308848218461,0.0003107308848218461,0.0003107308848218461,0.0003107308848218461,0.0003107308848218461,0.0003107308848218461,0.0003029415021122836,0.0002765616206238471,0.0002765616206238471,0.0002765616206238471,1.567538679792508e-05,1.567538679792508e-05,1.567538679792508e-05,1.567538679792508e-05,1.567538679792508e-05,1.567538679792508e-05,0.0003107308848218461
38,4.38175065680493,43.366241612900126,40.48630050787298,36.985269929587695,24.25080310137911,23.638549878822445,23.015599656568547,4.58867391764796,3.7028472669158035,3.5156268878240606,2.8543138538664192,2.84459117871844,2.331162415545395,1.8925491681558728,1.7855433708659094,1.6079653555269526,1.521145536399635,1.5051071412549046,1.500122571188307,1.4760466665456113,1.4760453449288482,1.436623419219477,1.1805724407330236,1.1804176692288846,1.1749255867108834,1.1371649878928796,1.1371649878928796,1.114344003506666,1.1138376935679086,1.0934716755491254,1.0933770000132301,1.0933770000132301,1.0514446905713843,1.048579535920752,1.048579535920752,1.048579535920752,1.0484513240051678,1.048348317481288,1.048273376872917,1.048262181107651,1.048262181107651,1.048262181107651,1.037326858214403,1.0373058008414557,1.0373058008414557,1.0372615145402782,1.037185278945888,1.0371349793996298,1.0287852779476157,0.4465395588750072,0.4465395588750072,0.4465395588750072,0.4465395588750072,0.4465395588750072,0.11668631579541859,0.10450568211521702,0.10450568211521702,0.10450568211521702,0.013294923057665374,0.013294923057665374,0.012713865260752634,0.01271295281451756,0.01271295281451756,0.01271294282387754,0.01271294282387754,0.01271294282387754,0.01271294282387754,0.01271294282387754,0.01271294282387754,0.01271294282387754,0.01271294282387754,0.01271294282387754,0.01271294282387754,0.01271294282387754,0.01271294282387754,0.01271294282387754,0.012702998030481097,0.012702998030481097,0.0004776972262811322,0.0004776972262811322,0.0004776972262811322,0.0004776972262811322,0.0004776972262811322,0.0004776972262811322,0.0004776972262811322,0.0004776972262811322,0.0004776972262811322,1.9941542111652732e-05,1.9941542111652732e-05,1.9941542111652732e-05,1.9941542111652732e-05,1.6480039889379734e-05,0.0,0.0,0.0,0.0,0.0,0.0,0.0,0.0,0.0,0.0004776972262811322
39,4.355371640349505,39.21877180739269,36.538725033340356,33.19466489709054,21.838177906197433,21.25483504547732,20.60868390880577,4.15953661111754,3.395340761527314,3.2080884266424787,2.6618839342275162,2.6536842544740433,1.8884481756070186,1.5811033913689525,1.457474117909148,1.2780299226041099,0.9504764334924065,0.9343655110040018,0.9099014720523388,0.8827961680959827,0.879152999668082,0.8616132733400528,0.7174959211261801,0.7171876507285194,0.7064867643409108,0.6734932917249271,0.6732965556776128,0.671782596352888,0.670865205141484,0.6671588666670596,0.6670254205872466,0.6670254205872466,0.6239972499685225,0.6221131519408175,0.6221131519408175,0.6221131519408175,0.621984465618145,0.6219563740914048,0.6218471240147025,0.6218401425265593,0.6218401425265593,0.6218401425265593,0.6025310470058203,0.602498689197093,0.602498689197093,0.602498689197093,0.6024071735946297,0.6007275877012014,0.5900477782787691,0.19116970069366193,0.19116970069366193,0.19116970069366193,0.19116970069366193,0.19116963972424722,0.1109005932658081,0.0920112172262622,0.09199379984991155,0.09199379984991155,0.023420075506138106,0.023420075506138106,0.023420075506138106,0.023420075506138106,0.023420075506138106,0.02341984094086162,0.02341984094086162,0.02341984094086162,0.02341984094086162,0.02341984094086162,0.02341984094086162,0.02341984094086162,0.02341984094086162,0.023241078515916606,0.023241078515916606,0.023241078515916606,0.023241078515916606,0.023241078515916606,0.02320474526325608,0.02320474526325608,0.0021115626761617373,0.0021115626761617373,0.0021115626761617373,0.0021115626761617373,0.0021115626761617373,0.0021115626761617373,0.0021115626761617373,0.0021115626761617373,0.0021115626761617373,0.0021115626761617373,0.0021115626761617373,0.0021115626761617373,0.0021115626761617373,0.0021115626761617373,0.002093545464312829,0.002093545464312829,0.002093545464312829,0.002093545464312829,0.002093545464312829,0.002093545464312829,0.002093545464312829,0.002093545464312829,0.002093545464312829,0.0011850814043482636
40,4.338960239095123,32.623827833111704,30.61387647950349,27.716857985577047,17.521887115075586,16.96873477795179,16.639172964850832,2.8196490339773472,2.01223959921289,1.8642576477317871,1.3316243835942325,1.324784079150054,1.0603065806562653,0.8635256680310872,0.831338425795984,0.787986893859037,0.6962647597744039,0.689663845809584,0.6774820883096083,0.6701547975395564,0.665523996089344,0.6645621629844942,0.523381484129517,0.5232611780984633,0.521598434916696,0.5196721783270163,0.5196721783270163,0.5196168010704704,0.5190693435944743,0.5100919094658737,0.5100919094658737,0.5100919094658737,0.5080355387654218,0.5042085627723853,0.5042085627723853,0.5042085627723853,0.5038213726621182,0.5037202016115592,0.5037127694095423,0.5037097971978087,0.5037097971978087,0.5037097971978087,0.49390744078452864,0.49388945291518693,0.4938879378528596,0.4938686241247205,0.4936074845378224,0.4936074845378224,0.4935585871631939,0.10734974674975399,0.10734974674975399,0.10734974674975399,0.10734974674975399,0.10734957254247433,0.0846374445005616,0.0565701934276741,0.0565701934276741,0.0565701934276741,1.1822360656488384e-05,1.1817389579155042e-05,1.1817389579155042e-05,1.1817389579155042e-05,1.1817389579155042e-05,1.153945828575032e-05,1.153945828575032e-05,1.153945828575032e-05,1.153945828575032e-05,1.153945828575032e-05,1.153945828575032e-05,1.153945828575032e-05,1.153945828575032e-05,1.153945828575032e-05,1.153945828575032e-05,1.153945828575032e-05,1.153945828575032e-05,1.153945828575032e-05,1.153945828575032e-05,1.153945828575032e-05,1.153945828575032e-05,1.153945828575032e-05,1.153945828575032e-05,1.153945828575032e-05,1.153945828575032e-05,1.153945828575032e-05,1.153945828575032e-05,1.153945828575032e-05,1.153945828575032e-05,1.153945828575032e-05,1.153945828575032e-05,1.153945828575032e-05,1.153945828575032e-05,0.0,0.0,0.0,0.0,0.0,0.0,0.0,0.0,0.0,0.0,1.153945828575032e-05
41,4.306024147045846,27.956881245953472,25.72461456366463,23.144874165737697,14.392965982590145,13.921102250693254,13.445274906708711,2.63314862394381,1.9324545573862866,1.8135199195390255,1.3337546439833048,1.326912549959926,1.0545895919745125,0.7896730431507166,0.7433934612517268,0.684838572391031,0.6137591310337726,0.606474206413718,0.5967300683929234,0.5876950995599365,0.5851355200040051,0.5625652941310313,0.4739444668322418,0.4738254011701093,0.46715242513591065,0.46585738645121927,0.4656009197918917,0.4655790444709258,0.4655790444709258,0.4567701666986558,0.4567701666986558,0.4567701666986558,0.4549107637922889,0.45339705763778526,0.45339705763778526,0.45339705763778526,0.45339705763778526,0.45339705763778526,0.4533464877878982,0.4533464877878982,0.4533464877878982,0.4533464877878982,0.45333715589053336,0.4533155254279944,0.4533155254279944,0.4533155254279944,0.45309110476158865,0.45308374076764735,0.45305999261542895,0.13321390965745156,0.13321390965745156,0.13321390965745156,0.13321390965745156,0.13321390965745156,0.08270677526474221,0.07732076839353015,0.07732076839353015,0.07732076839353015,0.018095233715468076,0.018095233715468076,0.018095233715468076,0.018092444289614967,0.018092444289614967,0.018092444289614967,0.018092444289614967,0.018092444289614967,0.018092444289614967,0.018092444289614967,0.018092444289614967,0.018092444289614967,0.018092444289614967,0.018092444289614967,0.018092444289614967,0.018092444289614967,0.018092444289614967,0.018092444289614967,0.0180779993434903,0.0180779993434903,3.468959569713228e-05,3.468959569713228e-05,3.468959569713228e-05,3.468959569713228e-05,3.468959569713228e-05,3.468959569713228e-05,3.468959569713228e-05,3.468959569713228e-05,3.468959569713228e-05,3.468959569713228e-05,3.468959569713228e-05,3.468959569713228e-05,3.468959569713228e-05,2.3937479527700945e-05,2.3937479527700945e-05,2.3937479527700945e-05,2.3937479527700945e-05,2.3937479527700945e-05,2.3937479527700945e-05,2.3937479527700945e-05,2.3937479527700945e-05,2.3937479527700945e-05,2.3937479527700945e-05,3.468959569713228e-05
42,4.297662958982645,26.666678599170783,24.553125456696105,22.638028301925022,13.805717217755877,13.305847528669425,12.957206635056123,2.2255191160839956,1.502714661445356,1.3478609460125976,0.9352194569089969,0.9272818111882353,0.770386259471793,0.6357322975331348,0.6070647636904056,0.5475746659973261,0.49352055460735395,0.49183029343387286,0.4861074762863886,0.47595441973997366,0.4728981440511538,0.4702382157498802,0.3644562888912818,0.36437961408436265,0.3596798141972102,0.35328843180305336,0.35328843180305336,0.3532537434271237,0.3530761860253258,0.3470156003764659,0.3470156003764659,0.3470156003764659,0.3470156003764659,0.34563819991765793,0.34563819991765793,0.34563819991765793,0.3454716500332608,0.3454716500332608,0.3454617404654753,0.3454617404654753,0.3454617404654753,0.3454617404654753,0.3454567219727031,0.34543705571632416,0.34543705571632416,0.34543705571632416,0.3452976018753535,0.34384531724079714,0.34384531724079714,0.0696863117965146,0.06948218494916797,0.06948218494916797,0.06948218494916797,0.06948218494916797,0.037928886005745364,0.037928886005745364,0.037928886005745364,0.037928886005745364,7.912982952107362e-05,7.912982952107362e-05,7.912982952107362e-05,1.0243416766722497e-05,1.0243416766722497e-05,1.0243416766722497e-05,1.0243416766722497e-05,1.0243416766722497e-05,1.0243416766722497e-05,1.0243416766722497e-05,1.0243416766722497e-05,1.0243416766722497e-05,1.0243416766722497e-05,1.0243416766722497e-05,1.0243416766722497e-05,1.0243416766722497e-05,1.0243416766722497e-05,1.0243416766722497e-05,1.0243416766722497e-05,1.0243416766722497e-05,1.0243416766722497e-05,1.0243416766722497e-05,1.0243416766722497e-05,1.0243416766722497e-05,1.0243416766722497e-05,1.0243416766722497e-05,1.0243416766722497e-05,1.0243416766722497e-05,1.0243416766722497e-05,1.0243416766722497e-05,1.0243416766722497e-05,1.0243416766722497e-05,1.0243416766722497e-05,0.0,0.0,0.0,0.0,0.0,0.0,0.0,0.0,0.0,0.0,1.0243416766722497e-05
43,4.313278418761841,24.195919351606342,22.684930564255254,20.651859874665984,12.384252341459968,12.038992995542259,11.659694666669807,1.7910494350725572,1.0892881956425713,0.9989890162574514,0.5911849364444616,0.5865879467346778,0.5084756846101219,0.4173746607657214,0.38667481238815776,0.3609650850743041,0.3591141744383607,0.3543149417646978,0.35405235336633756,0.34501608948124735,0.34491867621771727,0.341458706861441,0.2936282251169876,0.2932423263463004,0.2932423263463004,0.2932423263463004,0.2932423263463004,0.2932218623218619,0.2932218623218619,0.2932218623218619,0.2932218623218619,0.2932218623218619,0.29297071316362533,0.2914451158213739,0.2914451158213739,0.2914451158213739,0.2913210780712961,0.2913205515841252,0.2913205515841252,0.2913205515841252,0.2913205515841252,0.2913205515841252,0.2913163496899518,0.2913163496899518,0.2913163496899518,0.2913163496899518,0.2908924524398579,0.2908924524398579,0.2908924524398579,0.038184488274198305,0.038184488274198305,0.038184488274198305,0.038184488274198305,0.038184488274198305,0.013769305218226545,0.013767788409697746,0.013767788409697746,0.013767788409697746,6.849771585207687e-09,6.849771585207687e-09,6.849771585207687e-09,6.849771585207687e-09,6.849771585207687e-09,0.0,0.0,0.0,0.0,0.0,0.0,0.0,0.0,0.0,0.0,0.0,0.0,0.0,0.0,0.0,0.0,0.0,0.0,0.0,0.0,0.0,0.0,0.0,0.0,0.0,0.0,0.0,0.0,0.0,0.0,0.0,0.0,0.0,0.0,0.0,0.0,0.0,0.0,0.0
44,4.290614097366239,19.797299891889363,18.33260491451689,17.184519072290765,10.052650448562197,9.698158532304511,9.358147983973948,1.7531417049645668,1.114619576680283,0.9960611399101414,0.5073853050551811,0.5029170455430733,0.47612931408794,0.36760556934425465,0.35371934609734795,0.30528019379720456,0.30528019379720456,0.3032451703083182,0.30147737591753176,0.29602849902618833,0.29602849902618833,0.29415549399885343,0.2756498805677379,0.27563311931187057,0.27563311931187057,0.2614621939674007,0.2614621939674007,0.2613923533167228,0.2601115631116927,0.2601115631116927,0.2601115631116927,0.2601115631116927,0.2601115631116927,0.25943860316518014,0.25943860316518014,0.25943860316518014,0.25943860316518014,0.25943860316518014,0.2592840259909616,0.2592840259909616,0.2592840259909616,0.2592840259909616,0.2592840259909616,0.2592840259909616,0.2592840259909616,0.2592840259909616,0.25908675297299955,0.25908675297299955,0.25908675297299955,0.05476416211638558,0.05476416211638558,0.05476416211638558,0.05476416211638558,0.05476416211638558,0.04352684458261459,0.04077917602344195,0.04077917602344195,0.04077917602344195,0.0,0.0,0.0,0.0,0.0,0.0,0.0,0.0,0.0,0.0,0.0,0.0,0.0,0.0,0.0,0.0,0.0,0.0,0.0,0.0,0.0,0.0,0.0,0.0,0.0,0.0,0.0,0.0,0.0,0.0,0.0,0.0,0.0,0.0,0.0,0.0,0.0,0.0,0.0,0.0,0.0,0.0,0.0,0.0
45,4.258459006518459,16.662856928672984,15.426599657245363,14.068330232507321,7.896300944593146,7.642118949062171,7.499738252884135,1.4733928746011318,0.9136545051813422,0.754195396959649,0.34457347607448385,0.34048608905048466,0.3039940255574706,0.25937769366654106,0.25262116990438693,0.242880817300972,0.242880817300972,0.242667185850258,0.23610857408847635,0.2353434706622007,0.23200690331842697,0.23181644939389237,0.23032806189317914,0.23011742966260365,0.23011742966260365,0.23011742966260365,0.23011742966260365,0.23006863566466262,0.23006863566466262,0.22833980401244938,0.22833980401244938,0.22833980401244938,0.22833980401244938,0.22803800393235402,0.22803800393235402,0.22803800393235402,0.22803800393235402,0.22803800393235402,0.22803800393235402,0.22803800393235402,0.22803800393235402,0.22803800393235402,0.22803800393235402,0.22800783995532733,0.22800783995532733,0.22800783995532733,0.2277740876554319,0.2277740876554319,0.2277740876554319,0.018863069731637448,0.018863069731637448,0.018863069731637448,0.018863069731637448,0.018863069731637448,8.69968403080673e-06,8.69968403080673e-06,8.69968403080673e-06,8.69968403080673e-06,8.69968403080673e-06,8.69968403080673e-06,8.69968403080673e-06,8.69968403080673e-06,8.69968403080673e-06,8.69968403080673e-06,8.69968403080673e-06,8.69968403080673e-06,8.69968403080673e-06,8.69968403080673e-06,8.69968403080673e-06,8.69968403080673e-06,8.69968403080673e-06,8.69968403080673e-06,8.69968403080673e-06,8.69968403080673e-06,8.69968403080673e-06,8.69968403080673e-06,8.69968403080673e-06,8.69968403080673e-06,8.69968403080673e-06,8.69968403080673e-06,8.69968403080673e-06,8.69968403080673e-06,8.69968403080673e-06,8.69968403080673e-06,8.69968403080673e-06,8.69968403080673e-06,8.69968403080673e-06,8.69968403080673e-06,8.69968403080673e-06,8.69968403080673e-06,8.69968403080673e-06,0.0,0.0,0.0,0.0,0.0,0.0,0.0,0.0,0.0,0.0,8.69968403080673e-06
46,4.257859444076882,10.718347093244427,9.671159167986305,8.27089201780319,3.803528333395465,3.525783627973785,3.2834168254067233,1.5835613166481346,0.9297731389260565,0.8128035038786076,0.4683444071583592,0.4630973198898501,0.4630973198898501,0.3649509742380148,0.3649509742380148,0.3649509742380148,0.3649509742380148,0.3649509742380148,0.3642470904223713,0.36417048384781764,0.36417048384781764,0.36417048384781764,0.3385877873350534,0.3385877873350534,0.3385877873350534,0.3385877873350534,0.3385877873350534,0.33858720327360053,0.33858720327360053,0.33858720327360053,0.33858720327360053,0.33858720327360053,0.33813294376539066,0.33723951935369695,0.33723951935369695,0.33723951935369695,0.33723951935369695,0.33723951935369695,0.33723951935369695,0.33723951935369695,0.33723951935369695,0.33723951935369695,0.33723951935369695,0.33723951935369695,0.33723951935369695,0.33723951935369695,0.33723951935369695,0.33723951935369695,0.33723951935369695,0.04806503601201216,0.04806503601201216,0.04806503601201216,0.04806503601201216,0.04806503601201216,1.2389346199259742e-08,1.2389346199259742e-08,1.2389346199259742e-08,1.2389346199259742e-08,1.2389346199259742e-08,1.2389346199259742e-08,1.2389346199259742e-08,1.2389346199259742e-08,1.2389346199259742e-08,0.0,0.0,0.0,0.0,0.0,0.0,0.0,0.0,0.0,0.0,0.0,0.0,0.0,0.0,0.0,0.0,0.0,0.0,0.0,0.0,0.0,0.0,0.0,0.0,0.0,0.0,0.0,0.0,0.0,0.0,0.0,0.0,0.0,0.0,0.0,0.0,0.0,0.0,0.0
47,4.295914416422162,14.340713144118084,13.423883717964163,12.51718567044216,6.698207113512731,6.47412117051012,6.35359596604909,1.2290047746066566,0.8170626343707796,0.6947296762454493,0.3196631086803784,0.3176379343993787,0.3176379343993787,0.26179397122499304,0.2616832648575012,0.2616832648575012,0.2616832648575012,0.2616832648575012,0.2616832648575012,0.2616832648575012,0.2616832648575012,0.2616832648575012,0.23291319889539536,0.23291319889539536,0.23291319889539536,0.23291319889539536,0.23291319889539536,0.23291272592124893,0.23291272592124893,0.23291272592124893,0.23291272592124893,0.23291272592124893,0.23291272592124893,0.23189415665002758,0.23189415665002758,0.23189415665002758,0.23189415665002758,0.23189415665002758,0.23189415665002758,0.23189415665002758,0.23189415665002758,0.23189415665002758,0.23189415665002758,0.23189415665002758,0.23189415665002758,0.23189415665002758,0.23155828459430933,0.23155828459430933,0.23155828459430933,0.0273892302321501,0.0273892302321501,0.0273892302321501,0.0273892302321501,0.0273892302321501,0.0,0.0,0.0,0.0,0.0,0.0,0.0,0.0,0.0,0.0,0.0,0.0,0.0,0.0,0.0,0.0,0.0,0.0,0.0,0.0,0.0,0.0,0.0,0.0,0.0,0.0,0.0,0.0,0.0,0.0,0.0,0.0,0.0,0.0,0.0,0.0,0.0,0.0,0.0,0.0,0.0,0.0,0.0,0.0,0.0,0.0,0.0,0.0
48,4.279487880577252,15.436317816236697,14.857138731658594,13.834655565998741,7.48392528111746,7.363599064006584,7.112895589167051,1.1698922770941305,0.7723140302910978,0.6722537514604765,0.3726597914330085,0.3696817048335014,0.2865329753257542,0.2735347823169038,0.2735347823169038,0.2719499175797069,0.19756404833965077,0.19756404833965077,0.19756404833965077,0.19756404833965077,0.19756404833965077,0.19756404833965077,0.1625318958808407,0.16239439446597814,0.16239439446597814,0.16239439446597814,0.16239439446597814,0.16036580992648605,0.16036580992648605,0.15093249050405708,0.15093249050405708,0.15093249050405708,0.15093249050405708,0.15093249050405708,0.15093249050405708,0.15093249050405708,0.15093249050405708,0.15093249050405708,0.15093249050405708,0.15093249050405708,0.15093249050405708,0.15093249050405708,0.15093249050405708,0.15093249050405708,0.15093249050405708,0.15093249050405708,0.15093249050405708,0.15093249050405708,0.15093249050405708,0.0,0.0,0.0,0.0,0.0,0.0,0.0,0.0,0.0,0.0,0.0,0.0,0.0,0.0,0.0,0.0,0.0,0.0,0.0,0.0,0.0,0.0,0.0,0.0,0.0,0.0,0.0,0.0,0.0,0.0,0.0,0.0,0.0,0.0,0.0,0.0,0.0,0.0,0.0,0.0,0.0,0.0,0.0,0.0,0.0,0.0,0.0,0.0,0.0,0.0,0.0,0.0,0.0
49,4.284268616515842,10.230228930899592,9.442543448103162,8.838103543150234,4.209532864494743,3.997236811704302,3.7470813078829055,0.7213856283765167,0.3478560757038953,0.34648688664090593,0.08738038269284654,0.08491818298260545,0.08491818298260545,0.08487322833311603,0.08487322833311603,0.08487322833311603,0.08487322833311603,0.08487322833311603,0.08487322833311603,0.08487322833311603,0.08487322833311603,0.08487322833311603,0.08487322833311603,0.08481273951848947,0.08481273951848947,0.08481273951848947,0.08481273951848947,0.08481238816818312,0.08481238816818312,0.08481238816818312,0.08481238816818312,0.08481238816818312,0.08481238816818312,0.08331064693465713,0.08331064693465713,0.08331064693465713,0.08307768764929555,0.08307768764929555,0.08307768764929555,0.08307768764929555,0.08307768764929555,0.08307768764929555,0.08307768764929555,0.08307768764929555,0.08307768764929555,0.08307768764929555,0.08307768764929555,0.08307768764929555,0.08307768764929555,0.0,0.0,0.0,0.0,0.0,0.0,0.0,0.0,0.0,0.0,0.0,0.0,0.0,0.0,0.0,0.0,0.0,0.0,0.0,0.0,0.0,0.0,0.0,0.0,0.0,0.0,0.0,0.0,0.0,0.0,0.0,0.0,0.0,0.0,0.0,0.0,0.0,0.0,0.0,0.0,0.0,0.0,0.0,0.0,0.0,0.0,0.0,0.0,0.0,0.0,0.0,0.0,0.0
50,4.280245685034871,14.821677160139169,13.895955190910714,13.629314364678665,7.15827310239334,6.994670132346866,6.891595515195826,0.9131959119423382,0.6647082005645447,0.6578991643967583,0.28088791293972876,0.2752656084371022,0.2752656084371022,0.17621730066464647,0.17621730066464647,0.17621730066464647,0.17621730066464647,0.17621730066464647,0.17621730066464647,0.17621730066464647,0.17621730066464647,0.17621730066464647,0.17621730066464647,0.17614946824558766,0.17614946824558766,0.17614946824558766,0.17614946824558766,0.17614910057680971,0.17614910057680971,0.17614910057680971,0.17614910057680971,0.17614910057680971,0.17614910057680971,0.17614910057680971,0.17614910057680971,0.17614910057680971,0.17614910057680971,0.17614910057680971,0.17614910057680971,0.17614910057680971,0.17614910057680971,0.17614910057680971,0.17614910057680971,0.17614910057680971,0.17614910057680971,0.17614910057680971,0.17614910057680971,0.17614910057680971,0.17614910057680971,0.04653297027755843,0.04653297027755843,0.04653297027755843,0.04653297027755843,0.04653297027755843,0.04653297027755843,0.04653297027755843,0.04653297027755843,0.04653297027755843,0.0,0.0,0.0,0.0,0.0,0.0,0.0,0.0,0.0,0.0,0.0,0.0,0.0,0.0,0.0,0.0,0.0,0.0,0.0,0.0,0.0,0.0,0.0,0.0,0.0,0.0,0.0,0.0,0.0,0.0,0.0,0.0,0.0,0.0,0.0,0.0,0.0,0.0,0.0,0.0,0.0,0.0,0.0,0.0
51,4.250958537429677,6.766313756541225,6.24180812909211,5.803365109441879,2.684402908619116,2.564554655266308,2.220187366545657,0.6957170378323878,0.43397485130687974,0.43397485130687974,0.12572488090101178,0.1246073914142527,0.1246073914142527,0.1246073914142527,0.1246073914142527,0.1246073914142527,0.1246073914142527,0.1246073914142527,0.1246073914142527,0.1246073914142527,0.1246073914142527,0.1246073914142527,0.1246073914142527,0.12452100662313659,0.12452100662313659,0.12452100662313659,0.12452100662313659,0.12452100662313659,0.12452100662313659,0.12452100662313659,0.12452100662313659,0.12452100662313659,0.12452100662313659,0.12452100662313659,0.12452100662313659,0.12452100662313659,0.12452100662313659,0.12452100662313659,0.12452100662313659,0.12452100662313659,0.12452100662313659,0.12452100662313659,0.12452100662313659,0.12452100662313659,0.12452100662313659,0.12452100662313659,0.12452100662313659,0.12452100662313659,0.12452100662313659,0.0,0.0,0.0,0.0,0.0,0.0,0.0,0.0,0.0,0.0,0.0,0.0,0.0,0.0,0.0,0.0,0.0,0.0,0.0,0.0,0.0,0.0,0.0,0.0,0.0,0.0,0.0,0.0,0.0,0.0,0.0,0.0,0.0,0.0,0.0,0.0,0.0,0.0,0.0,0.0,0.0,0.0,0.0,0.0,0.0,0.0,0.0,0.0,0.0,0.0,0.0,0.0,0.0
52,4.342325835836087,6.1951870631794765,5.397518041247477,5.257909261275605,1.637403103903158,1.6325140805440153,1.5681438036360806,0.8021108751915463,0.5513405641308987,0.5513405641308987,0.0009682526302187478,1.4094269863391148e-06,1.4094269863391148e-06,1.4094269863391148e-06,1.4094269863391148e-06,1.4094269863391148e-06,1.4094269863391148e-06,1.4094269863391148e-06,1.4094269863391148e-06,1.4094269863391148e-06,1.4094269863391148e-06,1.4094269863391148e-06,1.4094269863391148e-06,1.4094269863391148e-06,1.4094269863391148e-06,1.4094269863391148e-06,1.4094269863391148e-06,3.424712191383409e-07,3.424712191383409e-07,3.424712191383409e-07,3.424712191383409e-07,3.424712191383409e-07,3.424712191383409e-07,0.0,0.0,0.0,0.0,0.0,0.0,0.0,0.0,0.0,0.0,0.0,0.0,0.0,0.0,0.0,0.0,0.0,0.0,0.0,0.0,0.0,0.0,0.0,0.0,0.0,0.0,0.0,0.0,0.0,0.0,0.0,0.0,0.0,0.0,0.0,0.0,0.0,0.0,0.0,0.0,0.0,0.0,0.0,0.0,0.0,0.0,0.0,0.0,0.0,0.0,0.0,0.0,0.0,0.0,0.0,0.0,0.0,0.0,0.0,0.0,0.0,0.0,0.0,0.0,0.0,0.0,0.0,0.0,0.0
53,4.330718670195058,5.846514715113292,5.466353650806051,5.244368824216403,1.5781307765507915,1.507668791416756,1.507668791416756,0.37641460421878603,0.250792640372408,0.250792640372408,0.10595657364062212,0.1039880571303203,0.1039880571303203,0.1039880571303203,0.1039880571303203,0.1039880571303203,0.1039880571303203,0.1039880571303203,0.1039880571303203,0.1039880571303203,0.1039880571303203,0.1039880571303203,0.1039880571303203,0.1039880571303203,0.1039880571303203,0.1039880571303203,0.1039880571303203,0.1039880571303203,0.1039880571303203,0.1039880571303203,0.1039880571303203,0.1039880571303203,0.1039880571303203,0.1039880571303203,0.1039880571303203,0.1039880571303203,0.1039880571303203,0.1039880571303203,0.1039880571303203,0.1039880571303203,0.1039880571303203,0.1039880571303203,0.1039880571303203,0.1039880571303203,0.1039880571303203,0.1039880571303203,0.1039880571303203,0.1039880571303203,0.1039880571303203,0.0,0.0,0.0,0.0,0.0,0.0,0.0,0.0,0.0,0.0,0.0,0.0,0.0,0.0,0.0,0.0,0.0,0.0,0.0,0.0,0.0,0.0,0.0,0.0,0.0,0.0,0.0,0.0,0.0,0.0,0.0,0.0,0.0,0.0,0.0,0.0,0.0,0.0,0.0,0.0,0.0,0.0,0.0,0.0,0.0,0.0,0.0,0.0,0.0,0.0,0.0,0.0,0.0
54,4.2998957548204935,5.014650370891612,4.55933256417547,4.3262981454174145,1.01044209755403,1.006268088175168,0.9952879784282731,0.36714346011955956,0.23437960501332278,0.23437960501332278,0.05866599604873822,0.05711358203141012,0.05711358203141012,0.05711358203141012,0.05711358203141012,0.05711358203141012,0.05711358203141012,0.05711358203141012,0.05711358203141012,0.05711358203141012,0.05711358203141012,0.05711358203141012,0.05711358203141012,0.05711358203141012,0.05711358203141012,0.05711358203141012,0.05711358203141012,0.05711358203141012,0.05711358203141012,0.05711358203141012,0.05711358203141012,0.05711358203141012,0.05711358203141012,0.05711301145962608,0.05711301145962608,0.05711301145962608,0.05711301145962608,0.05711301145962608,0.05711301145962608,0.05711301145962608,0.05711301145962608,0.05711301145962608,0.05711301145962608,0.05711301145962608,0.05711301145962608,0.05711301145962608,0.05711301145962608,0.05711301145962608,0.05711301145962608,0.0,0.0,0.0,0.0,0.0,0.0,0.0,0.0,0.0,0.0,0.0,0.0,0.0,0.0,0.0,0.0,0.0,0.0,0.0,0.0,0.0,0.0,0.0,0.0,0.0,0.0,0.0,0.0,0.0,0.0,0.0,0.0,0.0,0.0,0.0,0.0,0.0,0.0,0.0,0.0,0.0,0.0,0.0,0.0,0.0,0.0,0.0,0.0,0.0,0.0,0.0,0.0,0.0
55,4.361625372413629,7.351635331367136,7.077958524794859,6.8611680682022955,2.8784008539330626,2.8746088600147566,2.8715870910793284,0.24033024309179427,0.13695426610028053,0.13695426610028053,0.00146138441429855,0.0,0.0,0.0,0.0,0.0,0.0,0.0,0.0,0.0,0.0,0.0,0.0,0.0,0.0,0.0,0.0,0.0,0.0,0.0,0.0,0.0,0.0,0.0,0.0,0.0,0.0,0.0,0.0,0.0,0.0,0.0,0.0,0.0,0.0,0.0,0.0,0.0,0.0,0.0,0.0,0.0,0.0,0.0,0.0,0.0,0.0,0.0,0.0,0.0,0.0,0.0,0.0,0.0,0.0,0.0,0.0,0.0,0.0,0.0,0.0,0.0,0.0,0.0,0.0,0.0,0.0,0.0,0.0,0.0,0.0,0.0,0.0,0.0,0.0,0.0,0.0,0.0,0.0,0.0,0.0,0.0,0.0,0.0,0.0,0.0,0.0,0.0,0.0,0.0,0.0,0.0
56,4.356905327641747,4.298583410341397,4.017838746531734,3.749557795206595,0.306438474759092,0.30102808477360804,0.30102808477360804,0.28913366544820607,0.22878056626786605,0.22878056626786605,0.0015040408176690816,0.0,0.0,0.0,0.0,0.0,0.0,0.0,0.0,0.0,0.0,0.0,0.0,0.0,0.0,0.0,0.0,0.0,0.0,0.0,0.0,0.0,0.0,0.0,0.0,0.0,0.0,0.0,0.0,0.0,0.0,0.0,0.0,0.0,0.0,0.0,0.0,0.0,0.0,0.0,0.0,0.0,0.0,0.0,0.0,0.0,0.0,0.0,0.0,0.0,0.0,0.0,0.0,0.0,0.0,0.0,0.0,0.0,0.0,0.0,0.0,0.0,0.0,0.0,0.0,0.0,0.0,0.0,0.0,0.0,0.0,0.0,0.0,0.0,0.0,0.0,0.0,0.0,0.0,0.0,0.0,0.0,0.0,0.0,0.0,0.0,0.0,0.0,0.0,0.0,0.0,0.0
57,4.472212684191344,5.761938201033517,5.408887436749656,5.216829389780061,1.3483338859199996,1.3376843023473255,1.3376843023473255,0.3159594406538405,0.29635592376741304,0.29635592376741304,0.0007621274563991854,0.0,0.0,0.0,0.0,0.0,0.0,0.0,0.0,0.0,0.0,0.0,0.0,0.0,0.0,0.0,0.0,0.0,0.0,0.0,0.0,0.0,0.0,0.0,0.0,0.0,0.0,0.0,0.0,0.0,0.0,0.0,0.0,0.0,0.0,0.0,0.0,0.0,0.0,0.0,0.0,0.0,0.0,0.0,0.0,0.0,0.0,0.0,0.0,0.0,0.0,0.0,0.0,0.0,0.0,0.0,0.0,0.0,0.0,0.0,0.0,0.0,0.0,0.0,0.0,0.0,0.0,0.0,0.0,0.0,0.0,0.0,0.0,0.0,0.0,0.0,0.0,0.0,0.0,0.0,0.0,0.0,0.0,0.0,0.0,0.0,0.0,0.0,0.0,0.0,0.0,0.0
58,4.407277669354554,3.8778005501503894,3.5347645785688586,3.2445706281395195,0.34107444914525603,0.32962198642615503,0.32962198642615503,0.32962198642615503,0.30187913386959353,0.30187913386959353,0.0,0.0,0.0,0.0,0.0,0.0,0.0,0.0,0.0,0.0,0.0,0.0,0.0,0.0,0.0,0.0,0.0,0.0,0.0,0.0,0.0,0.0,0.0,0.0,0.0,0.0,0.0,0.0,0.0,0.0,0.0,0.0,0.0,0.0,0.0,0.0,0.0,0.0,0.0,0.0,0.0,0.0,0.0,0.0,0.0,0.0,0.0,0.0,0.0,0.0,0.0,0.0,0.0,0.0,0.0,0.0,0.0,0.0,0.0,0.0,0.0,0.0,0.0,0.0,0.0,0.0,0.0,0.0,0.0,0.0,0.0,0.0,0.0,0.0,0.0,0.0,0.0,0.0,0.0,0.0,0.0,0.0,0.0,0.0,0.0,0.0,0.0,0.0,0.0,0.0,0.0,0.0
59,4.424812417171275,3.7888456513245634,3.6466818652323676,3.335564431141891,0.012608754903194533,0.003648668499676652,0.003648668499676652,0.003648668499676652,0.0,0.0,0.0,0.0,0.0,0.0,0.0,0.0,0.0,0.0,0.0,0.0,0.0,0.0,0.0,0.0,0.0,0.0,0.0,0.0,0.0,0.0,0.0,0.0,0.0,0.0,0.0,0.0,0.0,0.0,0.0,0.0,0.0,0.0,0.0,0.0,0.0,0.0,0.0,0.0,0.0,0.0,0.0,0.0,0.0,0.0,0.0,0.0,0.0,0.0,0.0,0.0,0.0,0.0,0.0,0.0,0.0,0.0,0.0,0.0,0.0,0.0,0.0,0.0,0.0,0.0,0.0,0.0,0.0,0.0,0.0,0.0,0.0,0.0,0.0,0.0,0.0,0.0,0.0,0.0,0.0,0.0,0.0,0.0,0.0,0.0,0.0,0.0,0.0,0.0,0.0,0.0,0.0,0.0
60,4.49382943321991,4.5464440726402255,4.5464440726402255,4.453902986309357,0.00960854234151929,6.4475206175650195e-06,6.4475206175650195e-06,6.4475206175650195e-06,0.0,0.0,0.0,0.0,0.0,0.0,0.0,0.0,0.0,0.0,0.0,0.0,0.0,0.0,0.0,0.0,0.0,0.0,0.0,0.0,0.0,0.0,0.0,0.0,0.0,0.0,0.0,0.0,0.0,0.0,0.0,0.0,0.0,0.0,0.0,0.0,0.0,0.0,0.0,0.0,0.0,0.0,0.0,0.0,0.0,0.0,0.0,0.0,0.0,0.0,0.0,0.0,0.0,0.0,0.0,0.0,0.0,0.0,0.0,0.0,0.0,0.0,0.0,0.0,0.0,0.0,0.0,0.0,0.0,0.0,0.0,0.0,0.0,0.0,0.0,0.0,0.0,0.0,0.0,0.0,0.0,0.0,0.0,0.0,0.0,0.0,0.0,0.0,0.0,0.0,0.0,0.0,0.0,0.0
61,4.372389003347794,3.7367230831360203,3.7367230831360203,3.3351529135431814,0.007526790544821766,1.0519495991281667e-05,1.0519495991281667e-05,1.0519495991281667e-05,0.0,0.0,0.0,0.0,0.0,0.0,0.0,0.0,0.0,0.0,0.0,0.0,0.0,0.0,0.0,0.0,0.0,0.0,0.0,0.0,0.0,0.0,0.0,0.0,0.0,0.0,0.0,0.0,0.0,0.0,0.0,0.0,0.0,0.0,0.0,0.0,0.0,0.0,0.0,0.0,0.0,0.0,0.0,0.0,0.0,0.0,0.0,0.0,0.0,0.0,0.0,0.0,0.0,0.0,0.0,0.0,0.0,0.0,0.0,0.0,0.0,0.0,0.0,0.0,0.0,0.0,0.0,0.0,0.0,0.0,0.0,0.0,0.0,0.0,0.0,0.0,0.0,0.0,0.0,0.0,0.0,0.0,0.0,0.0,0.0,0.0,0.0,0.0,0.0,0.0,0.0,0.0,0.0,0.0
62,4.493222644142908,4.029499510638765,4.029499510638765,3.9137243519371894,0.012262413969037869,0.0024005938577614317,0.0024005938577614317,0.0024005938577614317,0.0,0.0,0.0,0.0,0.0,0.0,0.0,0.0,0.0,0.0,0.0,0.0,0.0,0.0,0.0,0.0,0.0,0.0,0.0,0.0,0.0,0.0,0.0,0.0,0.0,0.0,0.0,0.0,0.0,0.0,0.0,0.0,0.0,0.0,0.0,0.0,0.0,0.0,0.0,0.0,0.0,0.0,0.0,0.0,0.0,0.0,0.0,0.0,0.0,0.0,0.0,0.0,0.0,0.0,0.0,0.0,0.0,0.0,0.0,0.0,0.0,0.0,0.0,0.0,0.0,0.0,0.0,0.0,0.0,0.0,0.0,0.0,0.0,0.0,0.0,0.0,0.0,0.0,0.0,0.0,0.0,0.0,0.0,0.0,0.0,0.0,0.0,0.0,0.0,0.0,0.0,0.0,0.0,0.0
63,4.577965985705144,4.288978168009767,4.288978168009767,4.198078595465221,0.0145192276074554,5.335512094559489e-06,5.335512094559489e-06,5.335512094559489e-06,0.0,0.0,0.0,0.0,0.0,0.0,0.0,0.0,0.0,0.0,0.0,0.0,0.0,0.0,0.0,0.0,0.0,0.0,0.0,0.0,0.0,0.0,0.0,0.0,0.0,0.0,0.0,0.0,0.0,0.0,0.0,0.0,0.0,0.0,0.0,0.0,0.0,0.0,0.0,0.0,0.0,0.0,0.0,0.0,0.0,0.0,0.0,0.0,0.0,0.0,0.0,0.0,0.0,0.0,0.0,0.0,0.0,0.0,0.0,0.0,0.0,0.0,0.0,0.0,0.0,0.0,0.0,0.0,0.0,0.0,0.0,0.0,0.0,0.0,0.0,0.0,0.0,0.0,0.0,0.0,0.0,0.0,0.0,0.0,0.0,0.0,0.0,0.0,0.0,0.0,0.0,0.0,0.0,0.0
64,4.556265518365838,4.147373866953618,4.147373866953618,4.101468129495398,0.07515588839462929,0.0548964150380672,0.0548964150380672,0.0548964150380672,0.0,0.0,0.0,0.0,0.0,0.0,0.0,0.0,0.0,0.0,0.0,0.0,0.0,0.0,0.0,0.0,0.0,0.0,0.0,0.0,0.0,0.0,0.0,0.0,0.0,0.0,0.0,0.0,0.0,0.0,0.0,0.0,0.0,0.0,0.0,0.0,0.0,0.0,0.0,0.0,0.0,0.0,0.0,0.0,0.0,0.0,0.0,0.0,0.0,0.0,0.0,0.0,0.0,0.0,0.0,0.0,0.0,0.0,0.0,0.0,0.0,0.0,0.0,0.0,0.0,0.0,0.0,0.0,0.0,0.0,0.0,0.0,0.0,0.0,0.0,0.0,0.0,0.0,0.0,0.0,0.0,0.0,0.0,0.0,0.0,0.0,0.0,0.0,0.0,0.0,0.0,0.0,0.0,0.0
65,4.602864473589155,4.11286094741097,4.11286094741097,4.11286094741097,0.01670986093476809,6.389336396784563e-06,6.389336396784563e-06,6.389336396784563e-06,0.0,0.0,0.0,0.0,0.0,0.0,0.0,0.0,0.0,0.0,0.0,0.0,0.0,0.0,0.0,0.0,0.0,0.0,0.0,0.0,0.0,0.0,0.0,0.0,0.0,0.0,0.0,0.0,0.0,0.0,0.0,0.0,0.0,0.0,0.0,0.0,0.0,0.0,0.0,0.0,0.0,0.0,0.0,0.0,0.0,0.0,0.0,0.0,0.0,0.0,0.0,0.0,0.0,0.0,0.0,0.0,0.0,0.0,0.0,0.0,0.0,0.0,0.0,0.0,0.0,0.0,0.0,0.0,0.0,0.0,0.0,0.0,0.0,0.0,0.0,0.0,0.0,0.0,0.0,0.0,0.0,0.0,0.0,0.0,0.0,0.0,0.0,0.0,0.0,0.0,0.0,0.0,0.0,0.0
66,4.50230286679777,4.1079117708510555,4.1079117708510555,4.1079117708510555,0.007744814300204888,1.979631152805364e-05,1.979631152805364e-05,1.979631152805364e-05,0.0,0.0,0.0,0.0,0.0,0.0,0.0,0.0,0.0,0.0,0.0,0.0,0.0,0.0,0.0,0.0,0.0,0.0,0.0,0.0,0.0,0.0,0.0,0.0,0.0,0.0,0.0,0.0,0.0,0.0,0.0,0.0,0.0,0.0,0.0,0.0,0.0,0.0,0.0,0.0,0.0,0.0,0.0,0.0,0.0,0.0,0.0,0.0,0.0,0.0,0.0,0.0,0.0,0.0,0.0,0.0,0.0,0.0,0.0,0.0,0.0,0.0,0.0,0.0,0.0,0.0,0.0,0.0,0.0,0.0,0.0,0.0,0.0,0.0,0.0,0.0,0.0,0.0,0.0,0.0,0.0,0.0,0.0,0.0,0.0,0.0,0.0,0.0,0.0,0.0,0.0,0.0,0.0,0.0
67,4.510483232684836,4.606522496009203,4.606522496009203,4.5018495503666776,0.01127120889426594,0.0,0.0,0.0,0.0,0.0,0.0,0.0,0.0,0.0,0.0,0.0,0.0,0.0,0.0,0.0,0.0,0.0,0.0,0.0,0.0,0.0,0.0,0.0,0.0,0.0,0.0,0.0,0.0,0.0,0.0,0.0,0.0,0.0,0.0,0.0,0.0,0.0,0.0,0.0,0.0,0.0,0.0,0.0,0.0,0.0,0.0,0.0,0.0,0.0,0.0,0.0,0.0,0.0,0.0,0.0,0.0,0.0,0.0,0.0,0.0,0.0,0.0,0.0,0.0,0.0,0.0,0.0,0.0,0.0,0.0,0.0,0.0,0.0,0.0,0.0,0.0,0.0,0.0,0.0,0.0,0.0,0.0,0.0,0.0,0.0,0.0,0.0,0.0,0.0,0.0,0.0,0.0,0.0,0.0,0.0,0.0,0.0
68,4.584865742285378,4.327012251669168,4.327012251669168,4.327012251669168,0.003976886235511538,4.3505576963062034e-05,4.3505576963062034e-05,4.3505576963062034e-05,0.0,0.0,0.0,0.0,0.0,0.0,0.0,0.0,0.0,0.0,0.0,0.0,0.0,0.0,0.0,0.0,0.0,0.0,0.0,0.0,0.0,0.0,0.0,0.0,0.0,0.0,0.0,0.0,0.0,0.0,0.0,0.0,0.0,0.0,0.0,0.0,0.0,0.0,0.0,0.0,0.0,0.0,0.0,0.0,0.0,0.0,0.0,0.0,0.0,0.0,0.0,0.0,0.0,0.0,0.0,0.0,0.0,0.0,0.0,0.0,0.0,0.0,0.0,0.0,0.0,0.0,0.0,0.0,0.0,0.0,0.0,0.0,0.0,0.0,0.0,0.0,0.0,0.0,0.0,0.0,0.0,0.0,0.0,0.0,0.0,0.0,0.0,0.0,0.0,0.0,0.0,0.0,0.0,0.0
69,4.6369645458488975,4.8829026681904395,4.8829026681904395,4.8829026681904395,0.016950426290795424,0.0,0.0,0.0,0.0,0.0,0.0,0.0,0.0,0.0,0.0,0.0,0.0,0.0,0.0,0.0,0.0,0.0,0.0,0.0,0.0,0.0,0.0,0.0,0.0,0.0,0.0,0.0,0.0,0.0,0.0,0.0,0.0,0.0,0.0,0.0,0.0,0.0,0.0,0.0,0.0,0.0,0.0,0.0,0.0,0.0,0.0,0.0,0.0,0.0,0.0,0.0,0.0,0.0,0.0,0.0,0.0,0.0,0.0,0.0,0.0,0.0,0.0,0.0,0.0,0.0,0.0,0.0,0.0,0.0,0.0,0.0,0.0,0.0,0.0,0.0,0.0,0.0,0.0,0.0,0.0,0.0,0.0,0.0,0.0,0.0,0.0,0.0,0.0,0.0,0.0,0.0,0.0,0.0,0.0,0.0,0.0,0.0
70,4.658845450757407,5.729714622418153,5.729714622418153,5.729714622418153,0.0,0.0,0.0,0.0,0.0,0.0,0.0,0.0,0.0,0.0,0.0,0.0,0.0,0.0,0.0,0.0,0.0,0.0,0.0,0.0,0.0,0.0,0.0,0.0,0.0,0.0,0.0,0.0,0.0,0.0,0.0,0.0,0.0,0.0,0.0,0.0,0.0,0.0,0.0,0.0,0.0,0.0,0.0,0.0,0.0,0.0,0.0,0.0,0.0,0.0,0.0,0.0,0.0,0.0,0.0,0.0,0.0,0.0,0.0,0.0,0.0,0.0,0.0,0.0,0.0,0.0,0.0,0.0,0.0,0.0,0.0,0.0,0.0,0.0,0.0,0.0,0.0,0.0,0.0,0.0,0.0,0.0,0.0,0.0,0.0,0.0,0.0,0.0,0.0,0.0,0.0,0.0,0.0,0.0,0.0,0.0,0.0,0.0
73,4.20719607060277,2.8537837861968853,2.8537837861968853,2.8537837861968853,0.0,0.0,0.0,0.0,0.0,0.0,0.0,0.0,0.0,0.0,0.0,0.0,0.0,0.0,0.0,0.0,0.0,0.0,0.0,0.0,0.0,0.0,0.0,0.0,0.0,0.0,0.0,0.0,0.0,0.0,0.0,0.0,0.0,0.0,0.0,0.0,0.0,0.0,0.0,0.0,0.0,0.0,0.0,0.0,0.0,0.0,0.0,0.0,0.0,0.0,0.0,0.0,0.0,0.0,0.0,0.0,0.0,0.0,0.0,0.0,0.0,0.0,0.0,0.0,0.0,0.0,0.0,0.0,0.0,0.0,0.0,0.0,0.0,0.0,0.0,0.0,0.0,0.0,0.0,0.0,0.0,0.0,0.0,0.0,0.0,0.0,0.0,0.0,0.0,0.0,0.0,0.0,0.0,0.0,0.0,0.0,0.0,0.0
74,3.849704442864521,0.0,0.0,0.0,0.0,0.0,0.0,0.0,0.0,0.0,0.0,0.0,0.0,0.0,0.0,0.0,0.0,0.0,0.0,0.0,0.0,0.0,0.0,0.0,0.0,0.0,0.0,0.0,0.0,0.0,0.0,0.0,0.0,0.0,0.0,0.0,0.0,0.0,0.0,0.0,0.0,0.0,0.0,0.0,0.0,0.0,0.0,0.0,0.0,0.0,0.0,0.0,0.0,0.0,0.0,0.0,0.0,0.0,0.0,0.0,0.0,0.0,0.0,0.0,0.0,0.0,0.0,0.0,0.0,0.0,0.0,0.0,0.0,0.0,0.0,0.0,0.0,0.0,0.0,0.0,0.0,0.0,0.0,0.0,0.0,0.0,0.0,0.0,0.0,0.0,0.0,0.0,0.0,0.0,0.0,0.0,0.0,0.0,0.0,0.0,0.0,0.0

